non justo.,"suscipit, est ac facilisis facilisis, magna tellus faucibus leo,",307,2,7
et,"tincidunt adipiscing. Mauris molestie pharetra nibh. Aliquam ornare, libero",580,2,4
Donec,eget odio. Aliquam vulputate ullamcorper magna. Sed eu eros. Nam consequat dolor vitae dolor. Donec fringilla. Donec feugiat metus sit amet ante. Vivamus non,192,2,2
et,"metus vitae velit egestas lacinia. Sed congue, elit sed consequat auctor, nunc nulla vulputate dui, nec",366,1,3
dui quis accumsan,consectetuer euismod est arcu ac orci. Ut semper pretium neque. Morbi quis urna. Nunc quis arcu vel quam dignissim pharetra. Nam ac nulla. In tincidunt congue turpis. In condimentum.,574,6,5
"lacinia vitae, sodales","aliquet molestie tellus. Aenean egestas hendrerit neque. In ornare sagittis felis. Donec tempor, est ac mattis semper, dui lectus rutrum urna, nec luctus felis purus ac",386,10,4
sed pede,"arcu. Curabitur ut odio vel est tempor bibendum. Donec felis orci, adipiscing non,",220,2,1
Vivamus,"sed orci lobortis augue scelerisque mollis. Phasellus libero mauris, aliquam eu, accumsan sed, facilisis vitae, orci. Phasellus dapibus quam quis diam. Pellentesque habitant morbi tristique senectus",351,1,7
egestas.,"adipiscing non, luctus sit amet, faucibus ut, nulla. Cras eu tellus eu augue porttitor interdum. Sed auctor",261,1,4
sodales nisi magna,"Praesent eu dui. Cum sociis natoque penatibus et magnis dis parturient montes, nascetur ridiculus",530,1,1
malesuada,volutpat. Nulla facilisis.,35,7,4
neque vitae semper,"vulputate, nisi sem semper erat,",565,9,5
"dis parturient montes,","ut erat. Sed nunc est, mollis non, cursus non, egestas a, dui. Cras pellentesque. Sed dictum. Proin eget odio. Aliquam vulputate ullamcorper magna. Sed eu eros. Nam consequat",493,9,5
vel quam dignissim,"hendrerit a, arcu. Sed et libero. Proin mi. Aliquam gravida mauris ut mi. Duis risus odio, auctor vitae, aliquet nec, imperdiet nec, leo. Morbi neque",533,7,4
Cras interdum.,"elit, pharetra ut, pharetra sed, hendrerit a, arcu. Sed et libero. Proin mi. Aliquam gravida mauris ut mi.",136,3,3
orci luctus et,eu,84,4,1
"non, lobortis quis,","accumsan convallis, ante lectus convallis est, vitae sodales nisi magna sed dui. Fusce aliquam, enim nec tempus scelerisque,",128,2,1
tempor,convallis dolor.,581,3,2
lobortis mauris.,"urna, nec luctus felis purus ac tellus. Suspendisse sed dolor. Fusce mi lorem, vehicula et, rutrum eu, ultrices sit amet, risus. Donec nibh enim, gravida sit amet, dapibus",270,3,7
nonummy,"tempus, lorem fringilla ornare placerat, orci lacus vestibulum lorem, sit",170,7,5
quis diam.,mauris blandit mattis. Cras eget nisi dictum augue malesuada malesuada. Integer id magna et,569,6,6
"elit fermentum risus,",Vivamus non lorem vitae odio sagittis semper. Nam tempor diam,86,9,5
lectus ante dictum,"sed, est. Nunc laoreet lectus quis massa. Mauris vestibulum, neque sed dictum eleifend, nunc risus",437,10,6
quam a felis,"egestas a, scelerisque sed, sapien. Nunc pulvinar arcu et pede. Nunc sed orci lobortis augue scelerisque mollis. Phasellus libero mauris, aliquam eu, accumsan",67,10,2
nibh lacinia,"et risus. Quisque libero lacus, varius et, euismod et, commodo at, libero.",390,4,3
convallis,"venenatis a, magna. Lorem ipsum dolor sit amet, consectetuer adipiscing",529,10,3
ornare. In faucibus.,"mattis velit justo nec ante. Maecenas mi felis, adipiscing fringilla, porttitor vulputate, posuere vulputate, lacus. Cras interdum. Nunc",217,5,4
convallis convallis dolor.,"Cum sociis natoque penatibus et magnis dis parturient montes, nascetur ridiculus mus. Aenean",485,2,6
at risus. Nunc,Donec dignissim magna a tortor. Nunc commodo auctor velit. Aliquam nisl. Nulla eu neque pellentesque massa lobortis ultrices. Vivamus rhoncus. Donec est.,76,7,7
sem mollis,"aliquam, enim nec tempus scelerisque, lorem ipsum sodales purus, in molestie tortor nibh sit",165,9,5
elit. Aliquam,magna. Cras convallis convallis dolor. Quisque tincidunt pede ac,161,4,6
feugiat. Sed,"Quisque ornare tortor at risus. Nunc ac sem ut dolor dapibus gravida. Aliquam tincidunt,",294,5,4
"augue, eu","dui lectus rutrum urna, nec luctus felis purus ac tellus. Suspendisse sed dolor. Fusce mi lorem, vehicula et,",166,4,5
Fusce,"Suspendisse non leo. Vivamus nibh dolor, nonummy ac,",105,3,5
eget,"Sed molestie. Sed id risus quis diam luctus lobortis. Class aptent taciti sociosqu ad litora torquent per conubia nostra, per inceptos hymenaeos. Mauris ut quam",541,10,2
Duis volutpat,"commodo ipsum. Suspendisse non leo. Vivamus nibh dolor, nonummy",574,7,6
"amet, dapibus id,","vel, venenatis vel, faucibus id, libero. Donec consectetuer mauris id sapien. Cras dolor dolor, tempus",350,1,3
Nunc mauris. Morbi,"sollicitudin adipiscing ligula. Aenean gravida nunc sed pede. Cum sociis natoque penatibus et magnis dis parturient montes, nascetur",560,10,5
urna. Vivamus molestie,"In ornare sagittis felis. Donec tempor, est ac mattis semper, dui lectus rutrum urna, nec luctus felis purus ac tellus. Suspendisse sed",322,5,5
eu,"pulvinar arcu et pede. Nunc sed orci lobortis augue scelerisque mollis. Phasellus libero mauris, aliquam eu, accumsan sed, facilisis vitae, orci.",246,10,4
ornare sagittis,"Quisque purus sapien, gravida non, sollicitudin a, malesuada id, erat. Etiam vestibulum massa rutrum magna. Cras",239,9,5
elit.,nisi a odio semper cursus. Integer mollis. Integer tincidunt aliquam arcu. Aliquam ultrices iaculis odio. Nam interdum enim,155,9,2
eros. Nam,"rutrum. Fusce dolor quam, elementum at, egestas a, scelerisque",596,4,7
bibendum,"velit in aliquet lobortis, nisi nibh lacinia orci, consectetuer euismod est arcu ac orci.",182,4,1
enim,vitae diam. Proin dolor. Nulla semper tellus id nunc interdum feugiat. Sed nec metus facilisis lorem tristique aliquet. Phasellus fermentum convallis ligula. Donec,13,2,3
diam. Pellentesque,"ac mattis velit justo nec ante. Maecenas mi felis, adipiscing fringilla, porttitor vulputate, posuere vulputate, lacus.",259,5,7
"quis, pede. Suspendisse",eros,489,8,5
Ut,"amet, consectetuer adipiscing elit. Etiam laoreet, libero et tristique pellentesque, tellus sem mollis dui, in sodales elit erat vitae risus. Duis a mi fringilla mi lacinia mattis. Integer eu lacus.",363,9,5
in lobortis,"Fusce dolor quam, elementum at, egestas a, scelerisque sed, sapien. Nunc pulvinar arcu et pede. Nunc sed orci lobortis augue scelerisque mollis. Phasellus libero",72,2,5
"elit, pharetra",dignissim lacus.,493,2,2
urna.,"Donec est. Nunc ullamcorper, velit in aliquet lobortis, nisi nibh lacinia orci, consectetuer euismod est arcu ac orci. Ut semper pretium neque. Morbi quis urna. Nunc",51,10,1
Aliquam,"velit dui,",262,10,6
"lacinia vitae, sodales","nisi sem semper erat, in consectetuer ipsum nunc id enim. Curabitur massa. Vestibulum accumsan neque et nunc. Quisque ornare tortor at risus. Nunc ac sem ut dolor dapibus",539,9,4
"vitae, aliquet","molestie in, tempus eu, ligula. Aenean euismod mauris eu elit. Nulla facilisi. Sed neque. Sed eget lacus. Mauris non dui nec urna suscipit nonummy. Fusce",274,1,6
in lobortis tellus,a tortor. Nunc commodo auctor velit. Aliquam nisl. Nulla eu neque pellentesque,10,6,1
"aliquet nec, imperdiet","nec, imperdiet nec, leo. Morbi neque tellus, imperdiet non, vestibulum nec, euismod in,",386,6,2
lorem,"orci, in consequat enim diam vel arcu. Curabitur ut odio vel est tempor",270,1,3
enim diam vel,a sollicitudin orci sem eget massa. Suspendisse,414,2,5
nulla,"mauris ipsum porta elit, a feugiat tellus lorem eu metus. In lorem. Donec",588,2,1
Mauris non dui,neque non quam. Pellentesque habitant morbi tristique senectus et netus et malesuada fames ac turpis egestas. Aliquam fringilla cursus purus. Nullam scelerisque neque sed sem,22,3,6
ut,"pharetra sed, hendrerit a, arcu. Sed et libero. Proin mi. Aliquam gravida mauris ut mi. Duis risus odio,",281,6,2
"egestas a,",aliquet odio. Etiam,460,5,2
"est, mollis non,",Nunc pulvinar arcu et pede. Nunc sed orci lobortis,126,10,5
pede,"faucibus lectus, a sollicitudin orci sem eget massa. Suspendisse eleifend. Cras sed leo. Cras vehicula aliquet libero. Integer in magna. Phasellus dolor elit, pellentesque a, facilisis non,",563,8,7
viverra. Donec,"urna justo faucibus lectus, a sollicitudin orci sem eget massa. Suspendisse eleifend. Cras sed leo. Cras vehicula aliquet libero. Integer in magna. Phasellus dolor elit, pellentesque a,",506,4,2
Nunc mauris.,Nam porttitor scelerisque neque. Nullam nisl. Maecenas malesuada fringilla est. Mauris eu turpis. Nulla aliquet. Proin velit. Sed malesuada,289,7,1
"consectetuer,",placerat velit. Quisque varius. Nam porttitor scelerisque neque. Nullam nisl. Maecenas malesuada fringilla est. Mauris eu,572,8,2
ut eros,"Integer in magna. Phasellus dolor elit, pellentesque a, facilisis non, bibendum sed, est. Nunc laoreet lectus quis massa. Mauris vestibulum, neque sed",172,1,5
ad,"felis purus ac tellus. Suspendisse sed dolor. Fusce mi lorem, vehicula et, rutrum eu, ultrices sit amet, risus. Donec",461,3,2
metus facilisis,"a, facilisis non, bibendum sed, est. Nunc laoreet lectus quis massa. Mauris vestibulum, neque sed dictum eleifend, nunc risus varius orci, in consequat",432,9,6
"orci, adipiscing non,",nec tempus mauris erat,303,6,5
ipsum primis,Cras vulputate velit eu sem. Pellentesque ut ipsum,152,7,3
eget,"dolor dolor, tempus non, lacinia at, iaculis",315,2,6
nisi a,lorem vitae odio sagittis semper. Nam tempor diam dictum sapien. Aenean massa. Integer vitae nibh. Donec est,405,8,4
Suspendisse eleifend. Cras,libero. Morbi accumsan laoreet ipsum.,40,9,6
magna,ante ipsum primis in faucibus orci luctus et ultrices posuere cubilia Curae; Donec tincidunt.,114,6,3
neque. In,"at,",459,2,4
"mollis dui,",imperdiet ornare. In faucibus. Morbi vehicula. Pellentesque tincidunt tempus risus. Donec egestas. Duis ac arcu. Nunc mauris. Morbi non sapien molestie orci tincidunt adipiscing. Mauris molestie pharetra,392,7,2
mus.,"adipiscing elit. Etiam laoreet, libero et tristique pellentesque, tellus",219,10,3
nec,"auctor, nunc nulla vulputate dui, nec tempus mauris erat eget ipsum. Suspendisse sagittis. Nullam vitae diam. Proin dolor. Nulla semper",424,8,3
elit. Curabitur sed,malesuada. Integer id,108,4,6
"lacinia at, iaculis","nisi sem semper erat, in consectetuer ipsum nunc id enim. Curabitur massa. Vestibulum accumsan neque et nunc. Quisque ornare tortor",302,6,1
nec,"blandit congue. In scelerisque scelerisque dui. Suspendisse ac metus vitae velit egestas lacinia. Sed congue, elit sed consequat auctor, nunc nulla vulputate dui, nec tempus mauris erat eget ipsum.",53,6,5
ante.,dignissim lacus. Aliquam rutrum lorem ac risus. Morbi metus. Vivamus euismod urna. Nullam lobortis quam,486,10,6
sodales,"In scelerisque scelerisque dui. Suspendisse ac metus vitae velit egestas lacinia. Sed congue,",572,10,5
lorem ac,fringilla,564,1,7
"amet, dapibus id,","lobortis quam a felis ullamcorper viverra. Maecenas iaculis aliquet diam. Sed diam lorem, auctor quis, tristique ac, eleifend vitae, erat. Vivamus nisi. Mauris nulla. Integer urna. Vivamus",214,5,2
"elit. Aliquam auctor,",Proin non massa non ante bibendum,360,9,3
orci,ac turpis egestas. Fusce aliquet magna a neque. Nullam,224,3,4
velit.,"elit, dictum eu, eleifend",251,1,3
quis arcu vel,ornare egestas ligula. Nullam feugiat placerat velit. Quisque varius. Nam porttitor scelerisque neque. Nullam nisl. Maecenas malesuada fringilla est. Mauris eu turpis. Nulla aliquet.,460,6,2
nunc id enim.,Cras pellentesque. Sed dictum. Proin eget odio. Aliquam vulputate ullamcorper magna. Sed eu eros.,449,5,5
Integer,"urna. Ut tincidunt vehicula risus. Nulla eget metus eu erat semper rutrum. Fusce dolor quam, elementum at, egestas a, scelerisque sed, sapien. Nunc pulvinar",282,3,3
consectetuer rhoncus.,Vestibulum,551,4,5
feugiat metus,"mi enim, condimentum eget, volutpat ornare, facilisis eget, ipsum. Donec sollicitudin adipiscing ligula. Aenean gravida",175,7,6
In,adipiscing elit. Curabitur sed tortor. Integer aliquam adipiscing lacus. Ut nec urna et arcu imperdiet ullamcorper. Duis at,107,5,4
lorem,mauris. Integer sem,127,1,6
Mauris ut,"et nunc. Quisque ornare tortor at risus. Nunc ac sem ut dolor dapibus gravida. Aliquam tincidunt, nunc ac mattis ornare, lectus ante dictum mi, ac",596,4,3
Etiam imperdiet dictum,"id ante dictum cursus. Nunc mauris elit, dictum eu, eleifend nec, malesuada ut,",342,4,7
sapien,"Nunc laoreet lectus quis massa. Mauris vestibulum, neque sed dictum eleifend, nunc risus varius orci, in consequat enim diam vel arcu. Curabitur ut odio vel est tempor",585,3,5short_description,description,customer_user,case_employee,status
urna. Ut,"egestas a, scelerisque sed, sapien. Nunc pulvinar",278,10,5
"non, feugiat",Lorem ipsum,402,10,7
primis,"arcu. Curabitur ut odio vel est tempor bibendum. Donec felis orci, adipiscing non, luctus sit amet, faucibus ut, nulla. Cras eu tellus eu augue porttitor interdum. Sed auctor odio a",138,3,5
cursus.,Fusce aliquet magna a neque. Nullam ut nisi a odio semper cursus. Integer mollis. Integer tincidunt aliquam arcu. Aliquam ultrices iaculis odio. Nam interdum enim,182,8,1
risus.,"scelerisque sed, sapien. Nunc pulvinar arcu et pede. Nunc sed orci lobortis augue scelerisque mollis. Phasellus",177,3,5
Duis,sit,347,1,6
et,Nulla interdum. Curabitur dictum. Phasellus in felis. Nulla tempor augue ac ipsum. Phasellus,257,4,3
"varius orci, in","rutrum non, hendrerit id, ante. Nunc mauris sapien, cursus in, hendrerit consectetuer, cursus et, magna. Praesent",105,9,1
commodo hendrerit. Donec,"lacus. Nulla tincidunt, neque",98,5,5
egestas,"nisl arcu iaculis enim, sit amet ornare lectus justo eu arcu. Morbi sit amet massa. Quisque porttitor eros nec tellus. Nunc lectus pede, ultrices a, auctor non, feugiat",164,5,2
"convallis, ante lectus","in, cursus et, eros. Proin ultrices. Duis volutpat nunc sit amet metus. Aliquam erat volutpat. Nulla facilisis. Suspendisse commodo tincidunt nibh. Phasellus nulla. Integer vulputate, risus a",21,8,3
non lorem vitae,"consectetuer adipiscing elit. Etiam laoreet, libero et tristique pellentesque, tellus sem mollis dui, in sodales elit erat vitae risus. Duis a mi fringilla",97,9,1
a tortor.,"lectus quis massa. Mauris vestibulum, neque sed dictum eleifend, nunc risus varius orci, in consequat enim diam vel arcu. Curabitur ut odio vel est tempor",485,2,2
velit egestas lacinia.,"Aliquam rutrum lorem ac risus. Morbi metus. Vivamus euismod urna. Nullam lobortis quam a felis ullamcorper viverra. Maecenas iaculis aliquet diam. Sed diam lorem, auctor",568,1,4
"adipiscing fringilla, porttitor",vulputate,349,4,5
"pede,",Proin vel nisl. Quisque fringilla euismod enim. Etiam gravida molestie arcu. Sed eu nibh vulputate mauris sagittis placerat. Cras dictum ultricies,302,5,5
orci,"odio tristique pharetra. Quisque ac libero nec ligula consectetuer rhoncus. Nullam velit dui, semper et, lacinia vitae, sodales at, velit. Pellentesque",281,4,5
odio. Nam interdum,Morbi vehicula. Pellentesque tincidunt tempus risus. Donec,499,10,2
Phasellus nulla. Integer,"eget metus eu erat semper rutrum. Fusce dolor quam, elementum at, egestas a, scelerisque sed, sapien. Nunc pulvinar arcu et pede. Nunc sed",595,8,1
malesuada,urna. Nunc quis arcu vel quam dignissim pharetra. Nam ac nulla. In tincidunt congue turpis. In condimentum. Donec at arcu. Vestibulum ante ipsum,253,6,6
nunc,luctus et ultrices posuere cubilia Curae; Phasellus ornare.,91,10,4
Ut tincidunt orci,in lobortis tellus,369,10,2
"nec,","semper, dui lectus rutrum urna, nec",35,9,2
lobortis.,ultrices posuere cubilia Curae; Donec tincidunt. Donec vitae erat vel pede blandit congue. In scelerisque scelerisque dui. Suspendisse ac metus vitae velit egestas lacinia. Sed,121,7,1
adipiscing. Mauris molestie,sed,101,6,6
nulla. In,"a, dui. Cras pellentesque. Sed dictum. Proin eget odio. Aliquam vulputate ullamcorper magna. Sed eu eros. Nam consequat dolor vitae dolor.",410,1,5
convallis dolor.,"dignissim tempor arcu. Vestibulum ut eros non enim commodo hendrerit. Donec porttitor tellus non magna. Nam ligula elit, pretium et, rutrum",280,7,5
Suspendisse ac,"aliquet, sem ut cursus luctus, ipsum leo elementum sem, vitae aliquam eros turpis non enim. Mauris quis turpis vitae purus",589,8,4
Phasellus,erat,528,9,5
"Duis cursus, diam",mauris erat eget ipsum. Suspendisse sagittis. Nullam vitae diam. Proin dolor. Nulla semper tellus id nunc interdum feugiat. Sed nec metus facilisis lorem,103,5,7
"placerat, orci lacus",primis in faucibus orci luctus et ultrices posuere cubilia Curae; Phasellus ornare. Fusce mollis. Duis sit amet diam eu,367,7,4
nibh. Donec,amet luctus,334,3,5
eu arcu.,"nibh dolor,",79,9,1
ipsum nunc,"Vivamus sit amet risus. Donec egestas. Aliquam nec enim. Nunc ut erat. Sed nunc est, mollis non, cursus non, egestas a,",204,4,6
"Etiam ligula tortor,","convallis erat, eget tincidunt dui augue eu tellus. Phasellus elit",216,3,5
mauris id sapien.,"lobortis mauris. Suspendisse aliquet molestie tellus. Aenean egestas hendrerit neque. In ornare sagittis felis. Donec tempor, est ac mattis semper, dui lectus rutrum urna, nec luctus",522,7,2
vestibulum. Mauris,et netus et malesuada fames ac turpis egestas. Aliquam fringilla cursus purus.,134,2,5
dui nec,"amet massa. Quisque porttitor eros nec tellus. Nunc lectus pede, ultrices a, auctor non, feugiat nec, diam. Duis mi enim, condimentum",296,4,6
ut erat.,"egestas rhoncus. Proin nisl sem, consequat nec, mollis vitae, posuere at, velit. Cras lorem lorem, luctus ut, pellentesque eget, dictum placerat, augue.",101,9,5
ipsum nunc,"in, dolor. Fusce feugiat. Lorem ipsum dolor sit amet, consectetuer adipiscing elit.",373,8,6
erat,lorem ipsum,588,9,4
dictum cursus.,"purus. Duis elementum, dui quis accumsan convallis, ante lectus convallis est, vitae sodales nisi magna sed dui. Fusce aliquam, enim nec tempus scelerisque, lorem ipsum sodales purus,",190,4,5
sem egestas,"ac tellus. Suspendisse sed dolor. Fusce mi lorem, vehicula et, rutrum eu, ultrices sit amet, risus. Donec nibh",464,3,6
"id, libero.","non, egestas a, dui. Cras pellentesque. Sed dictum. Proin eget",550,7,2
blandit,"tempor bibendum. Donec felis orci, adipiscing non, luctus sit amet,",312,9,2
dui augue eu,cubilia Curae; Donec tincidunt. Donec vitae erat,284,10,4
Duis dignissim tempor,"sed, facilisis vitae, orci. Phasellus dapibus quam quis diam. Pellentesque habitant morbi tristique senectus et netus et malesuada fames ac",314,5,4
"nec, euismod in,",et netus et malesuada fames ac turpis egestas. Fusce aliquet magna a neque.,513,2,3
sem,"lorem fringilla ornare placerat, orci lacus vestibulum lorem, sit amet ultricies sem magna nec quam. Curabitur vel lectus. Cum sociis natoque penatibus et magnis",435,5,4
"tellus, imperdiet","odio a purus. Duis elementum, dui quis accumsan convallis, ante lectus convallis est, vitae sodales nisi magna sed dui. Fusce aliquam, enim nec tempus scelerisque, lorem ipsum sodales purus,",82,1,1
molestie,pede. Praesent eu dui. Cum sociis natoque penatibus et,522,3,5
"nec, imperdiet nec,","non, feugiat nec, diam. Duis mi enim, condimentum eget, volutpat ornare, facilisis eget, ipsum. Donec sollicitudin adipiscing ligula. Aenean gravida nunc sed pede.",93,8,1
"a, aliquet vel,","vulputate dui, nec tempus mauris erat eget ipsum.",216,4,7
nec orci.,"commodo at, libero. Morbi accumsan laoreet ipsum. Curabitur consequat,",476,6,5
"diam nunc, ullamcorper",quis arcu vel quam dignissim pharetra. Nam ac nulla. In tincidunt congue turpis. In condimentum. Donec at arcu.,495,3,1
"elementum, dui quis",libero. Donec consectetuer mauris id sapien. Cras dolor,116,6,1
ipsum ac,a neque. Nullam ut nisi a odio semper cursus. Integer mollis. Integer tincidunt aliquam arcu. Aliquam ultrices iaculis odio. Nam,212,9,5
augue eu tellus.,eget odio. Aliquam vulputate,397,3,2
vel,"lacus. Etiam bibendum fermentum metus. Aenean sed pede nec ante blandit viverra. Donec tempus, lorem fringilla ornare placerat, orci lacus vestibulum lorem, sit amet ultricies sem",283,5,7
arcu. Vestibulum ut,"arcu. Sed et libero. Proin mi. Aliquam gravida mauris ut mi. Duis risus odio, auctor vitae, aliquet nec,",483,10,7
"aliquet nec,","vel nisl. Quisque fringilla euismod enim. Etiam gravida molestie arcu. Sed eu nibh vulputate mauris sagittis placerat. Cras dictum ultricies ligula. Nullam enim. Sed nulla ante, iaculis nec,",145,7,2
ac mi eleifend,"et libero. Proin mi. Aliquam gravida mauris ut mi. Duis risus odio, auctor vitae, aliquet",582,6,4
"iaculis, lacus pede","et, rutrum non, hendrerit id, ante. Nunc mauris sapien, cursus in, hendrerit consectetuer, cursus et, magna. Praesent interdum ligula eu",470,3,4
est,"urna convallis erat, eget tincidunt dui augue eu tellus. Phasellus elit pede, malesuada vel, venenatis vel, faucibus id, libero. Donec",586,6,3
libero. Proin mi.,erat volutpat. Nulla dignissim. Maecenas ornare egestas ligula. Nullam feugiat placerat velit. Quisque varius. Nam porttitor scelerisque neque.,62,4,1
Cum sociis,"Aliquam gravida mauris ut mi. Duis risus odio, auctor vitae, aliquet nec, imperdiet nec, leo. Morbi neque tellus, imperdiet non, vestibulum nec, euismod in, dolor. Fusce feugiat.",220,7,7
"dolor sit amet,","elit, a feugiat tellus",191,9,6
imperdiet,"vestibulum. Mauris magna. Duis dignissim tempor arcu. Vestibulum ut eros non enim commodo hendrerit. Donec porttitor tellus non magna. Nam ligula elit, pretium et, rutrum non, hendrerit id,",190,7,1
Nunc,"et, lacinia vitae, sodales at, velit.",36,1,6
Nunc sed orci,"nec metus facilisis lorem tristique aliquet. Phasellus fermentum convallis ligula. Donec luctus aliquet odio. Etiam ligula tortor, dictum eu,",404,2,1
"placerat eget, venenatis","ligula consectetuer rhoncus. Nullam velit dui, semper et, lacinia vitae, sodales at, velit. Pellentesque ultricies dignissim lacus. Aliquam rutrum lorem ac risus.",351,3,3
cursus,"ipsum. Curabitur consequat, lectus sit amet luctus vulputate, nisi sem semper erat, in consectetuer ipsum nunc id enim. Curabitur",579,2,1
"vitae, posuere","tempor arcu. Vestibulum ut eros non enim commodo hendrerit. Donec porttitor tellus non magna. Nam ligula elit, pretium",511,2,6
consectetuer adipiscing,et magnis dis,132,2,1
arcu ac orci.,augue,153,1,1
amet ornare,"eu tellus. Phasellus elit pede, malesuada vel, venenatis vel, faucibus id, libero. Donec consectetuer mauris id sapien. Cras dolor dolor, tempus non, lacinia at, iaculis quis, pede. Praesent",547,4,7
"ut, pharetra sed,","adipiscing fringilla, porttitor vulputate, posuere vulputate, lacus. Cras interdum. Nunc sollicitudin commodo ipsum. Suspendisse non leo. Vivamus nibh dolor, nonummy ac, feugiat non, lobortis quis, pede. Suspendisse dui. Fusce diam",212,7,2
consectetuer,ac turpis egestas.,363,6,2
Mauris,"dis parturient montes, nascetur ridiculus",218,8,1
velit justo,nascetur ridiculus mus. Donec dignissim magna a tortor. Nunc commodo auctor velit. Aliquam nisl.,527,4,5
inceptos,Duis ac arcu. Nunc,192,3,5
"ornare,",eget ipsum. Suspendisse sagittis. Nullam vitae diam. Proin dolor. Nulla semper tellus id nunc interdum feugiat.,588,10,4
massa,"ligula eu enim. Etiam imperdiet dictum magna. Ut tincidunt orci quis lectus. Nullam suscipit, est ac facilisis facilisis, magna tellus faucibus leo, in lobortis tellus justo sit amet nulla.",7,5,1
"lorem. Donec elementum,",tincidunt. Donec vitae erat vel pede blandit congue. In scelerisque scelerisque dui. Suspendisse ac metus vitae velit egestas,417,2,7
sollicitudin adipiscing ligula.,"fermentum vel, mauris. Integer sem elit, pharetra",59,8,6
nec urna,"Nullam lobortis quam a felis ullamcorper viverra. Maecenas iaculis aliquet diam. Sed diam lorem, auctor quis, tristique ac, eleifend vitae, erat. Vivamus nisi. Mauris nulla. Integer urna. Vivamus molestie dapibus",395,3,7
id sapien.,"auctor non, feugiat nec, diam. Duis mi enim,",333,5,2
Donec,"diam. Duis mi enim, condimentum eget,",121,2,1
dolor. Donec,"lobortis quam a felis ullamcorper viverra. Maecenas iaculis aliquet diam. Sed diam lorem, auctor quis, tristique ac, eleifend vitae, erat. Vivamus nisi. Mauris nulla.",439,7,2
sed leo. Cras,"eu, placerat eget, venenatis a, magna. Lorem ipsum dolor sit amet, consectetuer adipiscing elit. Etiam laoreet,",512,7,5
"vitae, erat. Vivamus",metus. In nec orci. Donec nibh. Quisque nonummy ipsum,289,7,4
pulvinar arcu et,Suspendisse,122,4,2
"tempor, est ac","mollis. Phasellus libero mauris, aliquam eu, accumsan sed, facilisis vitae, orci. Phasellus dapibus quam quis diam. Pellentesque habitant morbi tristique senectus et netus et malesuada fames ac",163,6,6
Phasellus,"eleifend nec, malesuada ut, sem.",494,3,3
cursus vestibulum. Mauris,"dictum magna. Ut tincidunt orci quis lectus. Nullam suscipit, est ac facilisis facilisis,",429,5,2
id ante,mi.,109,3,4
non,"ante dictum cursus. Nunc mauris elit, dictum eu, eleifend nec, malesuada ut, sem. Nulla interdum. Curabitur dictum. Phasellus in felis. Nulla tempor augue ac ipsum. Phasellus vitae mauris sit amet",554,6,6
tincidunt. Donec,"lacus. Quisque purus sapien, gravida non, sollicitudin a, malesuada id, erat. Etiam vestibulum massa rutrum magna. Cras convallis convallis dolor. Quisque tincidunt pede ac urna. Ut tincidunt vehicula risus. Nulla",161,8,4
tellus non magna.,Nunc quis arcu vel quam dignissim pharetra. Nam ac nulla. In tincidunt congue turpis. In condimentum. Donec,335,4,1
rhoncus. Donec,"consectetuer rhoncus. Nullam velit dui, semper et,",191,10,3short_description,description,customer_user,case_employee,status
elit elit fermentum,"dictum eu, placerat eget, venenatis a, magna. Lorem ipsum dolor sit amet, consectetuer adipiscing elit. Etiam laoreet, libero et tristique pellentesque, tellus",212,3,7
"ac, eleifend","erat vitae risus. Duis a mi fringilla mi lacinia mattis. Integer eu lacus. Quisque imperdiet,",525,5,5
sed,mus.,199,5,6
id,"metus. Vivamus euismod urna. Nullam lobortis quam a felis ullamcorper viverra. Maecenas iaculis aliquet diam. Sed diam lorem, auctor quis, tristique ac, eleifend vitae, erat. Vivamus nisi. Mauris nulla.",434,5,7
sed pede. Cum,Vestibulum ante ipsum primis in faucibus orci luctus et ultrices posuere cubilia Curae; Donec tincidunt. Donec vitae erat vel pede blandit congue. In scelerisque scelerisque,172,10,5
"massa. Mauris vestibulum,","massa. Vestibulum accumsan neque et nunc. Quisque ornare tortor at risus. Nunc ac sem ut dolor dapibus gravida. Aliquam tincidunt, nunc ac mattis",165,1,2
"et, lacinia vitae,",Donec dignissim magna a tortor. Nunc commodo auctor,557,6,4
non,Fusce aliquet magna a neque. Nullam ut,58,7,5
"ultricies adipiscing,","sollicitudin adipiscing ligula. Aenean gravida nunc sed pede. Cum sociis natoque penatibus et magnis dis parturient montes, nascetur ridiculus mus. Proin vel arcu",249,9,4
velit.,"Cras interdum. Nunc sollicitudin commodo ipsum. Suspendisse non leo. Vivamus nibh dolor, nonummy",290,1,6
Cum,"dui, nec tempus mauris erat eget ipsum. Suspendisse sagittis. Nullam vitae diam. Proin dolor. Nulla semper tellus id nunc",83,9,7
lorem,elit erat vitae risus. Duis a mi fringilla mi lacinia,300,5,6
libero nec ligula,"auctor quis, tristique ac, eleifend vitae, erat. Vivamus nisi. Mauris nulla. Integer urna. Vivamus molestie dapibus",475,4,2
amet ultricies,Pellentesque habitant morbi tristique senectus et netus et malesuada fames ac turpis egestas. Aliquam fringilla cursus purus. Nullam scelerisque neque sed sem,427,10,2
"parturient montes, nascetur",eros. Proin ultrices. Duis volutpat nunc sit amet metus. Aliquam erat volutpat. Nulla facilisis. Suspendisse,470,8,4
"amet, risus. Donec",sagittis. Duis gravida. Praesent eu nulla at sem molestie,199,10,1
lorem.,"vehicula aliquet libero. Integer in magna. Phasellus dolor elit, pellentesque a, facilisis non, bibendum sed, est. Nunc laoreet lectus quis massa. Mauris vestibulum, neque sed dictum eleifend,",423,8,3
eu sem.,Morbi,204,10,5
viverra. Maecenas iaculis,Integer aliquam adipiscing lacus. Ut nec urna et,147,1,7
"eu, accumsan sed,",In nec,8,9,2
parturient,"varius et, euismod et, commodo at, libero. Morbi accumsan laoreet ipsum. Curabitur consequat, lectus sit amet luctus vulputate, nisi sem semper erat, in consectetuer ipsum nunc",9,1,3
velit,enim.,245,2,6
arcu,"sodales. Mauris blandit enim consequat purus. Maecenas libero est, congue a, aliquet vel, vulputate eu, odio. Phasellus at augue id ante dictum cursus. Nunc mauris elit, dictum",487,3,3
et,"est, vitae sodales nisi magna sed dui. Fusce aliquam, enim nec tempus scelerisque, lorem ipsum sodales purus, in molestie tortor nibh sit amet orci.",36,6,2
"mauris elit,","viverra. Donec tempus, lorem fringilla ornare placerat, orci lacus vestibulum lorem, sit",233,8,3
Quisque,"dui, nec tempus mauris erat eget ipsum. Suspendisse sagittis. Nullam vitae diam. Proin dolor. Nulla semper tellus id nunc interdum feugiat. Sed nec metus",584,4,1
pulvinar arcu et,"Aliquam gravida mauris ut mi. Duis risus odio, auctor vitae, aliquet nec, imperdiet nec, leo. Morbi neque tellus, imperdiet non, vestibulum nec, euismod in, dolor. Fusce",84,8,6
vel,eu enim. Etiam imperdiet dictum magna.,242,7,6
sed tortor. Integer,"diam lorem, auctor quis, tristique ac, eleifend vitae, erat. Vivamus nisi. Mauris nulla. Integer urna. Vivamus molestie dapibus ligula. Aliquam erat",93,9,4
Cum sociis,dolor,118,4,1
Mauris,ipsum primis,395,10,1
"Donec tempor, est",suscipit nonummy. Fusce fermentum fermentum arcu. Vestibulum ante ipsum primis in faucibus orci luctus et ultrices,213,1,2
dui. Fusce,"turpis egestas. Aliquam fringilla cursus purus. Nullam scelerisque neque sed sem egestas blandit. Nam nulla magna, malesuada",427,1,5
lacinia,"lorem. Donec elementum, lorem ut aliquam iaculis, lacus pede sagittis augue,",98,6,7
sagittis.,enim non nisi. Aenean eget metus. In nec orci. Donec nibh. Quisque nonummy ipsum non arcu. Vivamus sit amet risus. Donec egestas. Aliquam nec enim. Nunc ut erat. Sed,587,9,6
et magnis,"tellus eu augue porttitor interdum. Sed auctor odio a purus. Duis elementum, dui quis accumsan convallis,",277,7,4
ultrices. Vivamus rhoncus.,"dolor, tempus non, lacinia at, iaculis quis, pede. Praesent eu",228,10,7
"lobortis quis, pede.","amet, risus. Donec nibh enim, gravida sit amet, dapibus id, blandit at, nisi. Cum sociis natoque penatibus et magnis dis parturient montes, nascetur",136,3,4
auctor odio a,diam. Pellentesque habitant morbi tristique senectus et netus,564,3,2
aliquet.,"tristique aliquet. Phasellus fermentum convallis ligula. Donec luctus aliquet odio. Etiam ligula tortor, dictum",487,6,4
"at, velit. Cras","eget mollis lectus pede et risus. Quisque libero lacus, varius et, euismod et, commodo at, libero. Morbi accumsan laoreet ipsum.",114,4,5
egestas.,"et pede. Nunc sed orci lobortis augue scelerisque mollis. Phasellus libero mauris,",517,7,4
sed,"mauris sit amet lorem semper auctor. Mauris vel turpis. Aliquam adipiscing lobortis risus. In mi pede, nonummy ut, molestie",421,1,5
sed,"nec ante. Maecenas mi felis, adipiscing fringilla, porttitor vulputate, posuere vulputate, lacus. Cras interdum. Nunc sollicitudin commodo",546,3,2
Nulla interdum. Curabitur,Phasellus vitae mauris sit amet lorem semper auctor. Mauris vel,539,3,2
Lorem,Pellentesque ultricies dignissim lacus. Aliquam rutrum lorem ac risus. Morbi metus. Vivamus euismod urna. Nullam lobortis quam a,125,8,7
"aliquam eu,","ornare, lectus ante dictum mi, ac mattis velit justo nec ante. Maecenas mi felis, adipiscing fringilla, porttitor",181,10,2
lacus. Aliquam rutrum,"pretium aliquet, metus urna convallis erat, eget tincidunt dui augue eu tellus. Phasellus elit pede, malesuada vel, venenatis",177,8,5
mauris. Integer sem,"a tortor. Nunc commodo auctor velit. Aliquam nisl. Nulla eu neque pellentesque massa lobortis ultrices. Vivamus rhoncus. Donec est. Nunc ullamcorper, velit in aliquet lobortis, nisi nibh lacinia",87,8,1
magnis dis,"Nunc laoreet lectus quis massa. Mauris vestibulum, neque sed dictum eleifend, nunc risus varius orci, in consequat enim diam vel arcu. Curabitur ut odio vel est tempor bibendum. Donec",320,2,6
Donec nibh,"Cras interdum. Nunc sollicitudin commodo ipsum. Suspendisse non leo. Vivamus nibh dolor, nonummy ac, feugiat non, lobortis quis, pede. Suspendisse dui.",37,10,3
lobortis quam a,Cras eget,235,3,7
"semper,",ut quam vel sapien imperdiet ornare. In faucibus. Morbi vehicula. Pellentesque tincidunt tempus risus. Donec egestas. Duis ac arcu. Nunc mauris. Morbi non sapien molestie orci tincidunt adipiscing. Mauris,147,5,1
ac,commodo ipsum. Suspendisse,462,3,4
enim,"consequat, lectus",20,1,3
diam. Duis mi,"viverra. Donec tempus,",550,10,2
pede nec,velit. Pellentesque ultricies dignissim lacus. Aliquam rutrum lorem ac risus. Morbi metus. Vivamus euismod,184,1,7
"ornare,",libero,504,6,2
enim.,hendrerit.,537,6,3
"varius et,",nec luctus felis purus ac tellus. Suspendisse sed dolor. Fusce,121,4,1
Pellentesque ultricies,Duis gravida. Praesent eu nulla at sem molestie sodales. Mauris blandit enim,122,8,6
auctor odio a,ad litora,154,4,1
"dis parturient montes,","lectus sit amet luctus vulputate, nisi sem semper erat, in consectetuer ipsum nunc id enim. Curabitur massa. Vestibulum accumsan neque et nunc. Quisque ornare tortor at",579,10,5
ante. Vivamus,"eget, venenatis a, magna. Lorem ipsum dolor sit amet, consectetuer adipiscing elit. Etiam laoreet, libero et tristique pellentesque, tellus sem mollis dui, in sodales elit erat vitae risus. Duis a",532,1,1
"dolor quam, elementum",sem,500,6,5
et ultrices posuere,"Maecenas libero est, congue a, aliquet vel, vulputate eu, odio.",358,5,7
eu sem.,varius. Nam porttitor scelerisque neque. Nullam nisl. Maecenas malesuada fringilla est. Mauris eu turpis. Nulla aliquet. Proin velit. Sed malesuada augue ut lacus. Nulla,194,8,5
metus facilisis lorem,dui. Suspendisse ac metus vitae velit egestas lacinia. Sed,555,8,7
enim,"gravida mauris ut mi. Duis risus odio, auctor vitae, aliquet nec, imperdiet nec, leo. Morbi neque tellus,",571,3,4
egestas,"Phasellus elit pede, malesuada vel, venenatis vel, faucibus id, libero.",381,4,7
pellentesque massa,"Quisque libero lacus, varius et, euismod",105,5,3
sem molestie sodales.,"augue eu tellus. Phasellus elit pede, malesuada vel, venenatis vel, faucibus id, libero. Donec consectetuer mauris id sapien. Cras dolor dolor, tempus non, lacinia at, iaculis quis, pede. Praesent eu",348,4,1
eu augue,"orci, consectetuer euismod est arcu ac orci. Ut semper pretium neque. Morbi quis urna. Nunc quis arcu vel quam dignissim pharetra. Nam ac nulla. In tincidunt",237,4,3
in faucibus orci,"nec, euismod in, dolor. Fusce feugiat. Lorem ipsum dolor sit amet, consectetuer adipiscing",189,3,2
aliquam eros turpis,"et magnis dis parturient montes, nascetur ridiculus mus. Proin vel nisl. Quisque fringilla euismod enim. Etiam",496,4,3
ac mattis,"id, erat. Etiam vestibulum massa rutrum magna.",172,4,6
ac nulla.,"lectus. Nullam suscipit, est ac facilisis facilisis, magna tellus faucibus leo, in lobortis tellus justo sit amet nulla. Donec non justo. Proin non",230,7,1
a feugiat,"non, feugiat nec, diam. Duis mi enim, condimentum eget, volutpat ornare, facilisis eget,",538,1,1
malesuada. Integer,"elit. Etiam laoreet, libero et tristique pellentesque, tellus sem mollis dui, in sodales elit erat vitae risus. Duis a mi fringilla mi lacinia mattis. Integer",218,2,3
Sed,orci tincidunt adipiscing. Mauris molestie pharetra nibh.,511,1,6
odio,amet risus. Donec,427,3,3
ipsum. Donec,"sapien, cursus in, hendrerit consectetuer, cursus et, magna. Praesent",169,10,7
magnis,nunc interdum,499,9,3
magna. Phasellus,"sociosqu ad litora torquent per conubia nostra, per inceptos hymenaeos. Mauris ut quam vel sapien imperdiet ornare. In faucibus. Morbi vehicula. Pellentesque",277,10,5
Fusce,"pellentesque massa lobortis ultrices. Vivamus rhoncus. Donec est. Nunc ullamcorper,",375,7,1
lobortis augue scelerisque,"tempus eu, ligula. Aenean euismod mauris eu elit. Nulla facilisi. Sed neque. Sed eget lacus. Mauris non dui nec urna suscipit nonummy. Fusce",40,8,3
a feugiat,neque venenatis lacus. Etiam bibendum fermentum metus. Aenean,32,2,1
"in, tempus",sem. Nulla interdum. Curabitur dictum. Phasellus in felis.,282,8,3
ante dictum,"sed sem egestas blandit. Nam nulla magna, malesuada vel, convallis in, cursus et,",288,3,4
pretium,quam vel,247,5,2
Nulla facilisi.,"adipiscing, enim mi",306,2,5
"convallis, ante","laoreet,",305,5,6
"facilisis non,","ornare, facilisis eget, ipsum. Donec sollicitudin adipiscing ligula. Aenean gravida nunc sed pede. Cum sociis natoque penatibus et magnis",302,6,5
dolor.,"dictum cursus. Nunc mauris elit, dictum eu, eleifend nec, malesuada ut, sem. Nulla interdum. Curabitur dictum. Phasellus in felis. Nulla tempor augue ac ipsum. Phasellus vitae mauris sit amet",42,10,5
turpis. In,"semper rutrum. Fusce dolor quam, elementum at, egestas a, scelerisque sed, sapien. Nunc pulvinar arcu",272,4,2
magna.,"imperdiet nec, leo. Morbi neque tellus, imperdiet non, vestibulum nec, euismod in, dolor. Fusce feugiat. Lorem ipsum dolor sit amet, consectetuer adipiscing elit. Aliquam auctor, velit eget laoreet",287,5,6
dolor,"ante. Nunc mauris sapien, cursus in, hendrerit consectetuer, cursus et, magna. Praesent interdum ligula eu enim. Etiam imperdiet dictum magna. Ut tincidunt orci quis lectus. Nullam suscipit, est",491,9,5
ligula.,"ut ipsum ac mi eleifend egestas. Sed pharetra, felis eget varius ultrices, mauris ipsum porta elit, a feugiat tellus lorem eu",479,5,4
"nostra, per inceptos",vitae erat vel pede blandit congue. In,492,1,4
Phasellus vitae,nunc interdum feugiat. Sed nec metus facilisis lorem tristique aliquet. Phasellus fermentum convallis ligula. Donec luctus,4,1,2short_description,description,customer_user,case_employee,status
Sed neque.,"lorem lorem, luctus ut, pellentesque eget, dictum placerat, augue. Sed molestie. Sed id risus quis diam luctus lobortis. Class aptent taciti sociosqu ad litora torquent per conubia nostra, per inceptos",197,5,6
Cum,"egestas. Sed pharetra, felis eget varius ultrices, mauris",462,8,5
Mauris,tellus id nunc interdum feugiat. Sed nec metus facilisis lorem tristique aliquet. Phasellus fermentum convallis ligula. Donec,156,9,7
erat vitae,"tempor diam dictum sapien. Aenean massa. Integer vitae nibh. Donec est mauris, rhoncus id, mollis nec, cursus a, enim. Suspendisse aliquet, sem ut cursus luctus, ipsum leo",596,2,1
Phasellus fermentum convallis,"posuere cubilia Curae; Donec tincidunt. Donec vitae erat vel pede blandit congue. In scelerisque scelerisque dui. Suspendisse ac metus vitae velit egestas lacinia. Sed congue, elit sed consequat auctor, nunc",432,4,6
conubia,"lorem fringilla ornare placerat, orci lacus vestibulum lorem, sit amet ultricies sem magna nec quam. Curabitur vel",269,9,7
pede.,accumsan neque,196,5,2
nisl. Maecenas,Mauris magna. Duis dignissim tempor arcu. Vestibulum ut eros non enim commodo hendrerit. Donec porttitor tellus non magna. Nam ligula,533,6,4
non,"sagittis felis. Donec tempor, est ac mattis semper, dui lectus rutrum urna,",130,2,3
justo. Proin non,justo. Proin non massa non,373,5,6
facilisis.,"sem semper erat, in consectetuer ipsum nunc id enim. Curabitur massa. Vestibulum accumsan neque et",42,4,4
dui.,"et magnis dis parturient montes, nascetur ridiculus mus. Aenean eget magna. Suspendisse tristique neque venenatis lacus. Etiam bibendum fermentum metus. Aenean sed pede nec ante blandit",87,6,2
lacus. Aliquam rutrum,"libero et tristique pellentesque, tellus sem mollis dui, in sodales elit erat vitae risus. Duis a mi fringilla",278,8,4
blandit mattis.,morbi tristique senectus et netus et malesuada fames ac turpis egestas. Fusce aliquet magna a neque. Nullam ut nisi,325,3,4
magna,faucibus. Morbi vehicula. Pellentesque tincidunt tempus risus. Donec egestas. Duis ac arcu. Nunc mauris. Morbi,532,9,4
ut ipsum ac,"ullamcorper. Duis cursus, diam at pretium aliquet, metus urna convallis erat, eget",336,1,6
Donec,"ante bibendum ullamcorper. Duis cursus, diam at pretium aliquet, metus urna convallis erat, eget tincidunt dui augue eu tellus. Phasellus elit pede, malesuada vel, venenatis vel,",12,2,2
Phasellus,"rutrum non, hendrerit id, ante. Nunc mauris sapien, cursus in, hendrerit",10,8,3
tortor,Aliquam rutrum lorem ac risus. Morbi metus. Vivamus euismod urna. Nullam lobortis quam a felis ullamcorper viverra. Maecenas iaculis aliquet diam.,504,5,6
"iaculis nec, eleifend",consectetuer euismod est arcu ac orci. Ut semper pretium neque. Morbi quis urna. Nunc quis arcu vel quam dignissim pharetra. Nam ac nulla. In,349,1,4
tincidunt nibh.,"sit amet risus. Donec egestas. Aliquam nec enim. Nunc ut erat. Sed nunc est, mollis non, cursus",209,2,1
metus. Aenean sed,"est, vitae",133,8,7
in molestie tortor,"pede. Nunc sed orci lobortis augue scelerisque mollis. Phasellus libero mauris, aliquam eu, accumsan sed, facilisis vitae,",273,7,6
"sit amet,","risus. In mi pede, nonummy ut, molestie in, tempus eu, ligula. Aenean euismod mauris eu elit. Nulla facilisi. Sed neque. Sed eget lacus. Mauris non dui nec",230,4,5
Nulla semper tellus,egestas ligula. Nullam feugiat placerat velit. Quisque varius. Nam porttitor scelerisque neque. Nullam nisl. Maecenas malesuada fringilla est. Mauris eu turpis. Nulla aliquet. Proin velit. Sed malesuada,583,7,3
quam. Pellentesque habitant,Morbi accumsan,534,10,6
Proin,"nisi nibh lacinia orci, consectetuer euismod est arcu ac orci. Ut semper pretium neque. Morbi quis urna. Nunc quis arcu vel quam dignissim pharetra. Nam ac nulla. In tincidunt",401,1,5
porttitor interdum. Sed,"diam dictum sapien. Aenean massa. Integer vitae nibh. Donec est mauris, rhoncus id, mollis nec, cursus a, enim. Suspendisse aliquet,",370,2,3
quis arcu vel,Morbi non sapien molestie orci tincidunt adipiscing. Mauris,224,5,4
"non, lacinia at,","turpis. Nulla aliquet. Proin velit. Sed malesuada augue ut lacus. Nulla tincidunt, neque vitae semper egestas, urna justo faucibus lectus, a sollicitudin orci sem eget massa. Suspendisse eleifend. Cras sed",359,4,1
velit,felis. Nulla tempor,418,6,7
gravida mauris ut,"amet, dapibus id, blandit at, nisi. Cum sociis natoque penatibus et magnis dis parturient",399,6,3
a odio,"vitae velit egestas lacinia. Sed congue, elit sed consequat auctor, nunc nulla vulputate dui, nec tempus mauris erat eget ipsum. Suspendisse sagittis.",317,9,7
luctus,"vel est tempor bibendum. Donec felis orci, adipiscing non, luctus sit amet, faucibus ut, nulla. Cras eu tellus eu augue porttitor interdum. Sed auctor odio",346,9,6
sed consequat,"non nisi. Aenean eget metus. In nec orci. Donec nibh. Quisque nonummy ipsum non arcu. Vivamus sit amet risus. Donec egestas. Aliquam nec enim. Nunc ut erat. Sed nunc est,",73,2,2
eleifend.,"et magnis dis parturient montes, nascetur ridiculus mus. Aenean eget magna. Suspendisse tristique neque venenatis lacus. Etiam",440,4,4
risus quis,"In lorem. Donec elementum, lorem ut aliquam iaculis, lacus pede sagittis augue, eu tempor erat neque non quam. Pellentesque habitant morbi",142,5,5
eu augue porttitor,"eget magna. Suspendisse tristique neque venenatis lacus. Etiam bibendum fermentum metus. Aenean sed pede nec ante blandit viverra. Donec tempus, lorem fringilla ornare",248,6,5
sed,luctus lobortis. Class aptent taciti sociosqu ad litora torquent per,158,7,3
purus gravida sagittis.,"ipsum ac mi eleifend egestas. Sed pharetra, felis eget varius ultrices, mauris ipsum porta elit, a feugiat tellus lorem eu metus. In lorem. Donec elementum, lorem ut aliquam",91,10,1
lacinia mattis. Integer,"pede. Praesent eu dui. Cum sociis natoque penatibus et magnis dis parturient montes,",563,10,2
tincidunt,"molestie in, tempus eu, ligula. Aenean euismod mauris eu elit. Nulla facilisi. Sed neque. Sed eget lacus. Mauris non dui nec urna suscipit nonummy. Fusce fermentum fermentum arcu. Vestibulum ante",399,4,7
penatibus et magnis,"Duis elementum, dui quis accumsan convallis,",435,1,6
lacus. Cras interdum.,tellus justo sit amet nulla. Donec,101,1,2
Pellentesque habitant morbi,"tincidunt nibh. Phasellus nulla. Integer vulputate, risus a ultricies adipiscing,",518,2,7
tortor nibh,"torquent per conubia nostra, per inceptos hymenaeos. Mauris ut quam vel sapien imperdiet ornare. In faucibus.",65,5,1
nunc ac mattis,"eget, venenatis a, magna. Lorem",551,8,7
placerat.,eget metus. In nec orci. Donec nibh. Quisque nonummy ipsum,48,5,2
risus. In mi,eu tempor erat neque non quam. Pellentesque habitant morbi tristique senectus et netus et malesuada fames ac turpis egestas. Aliquam fringilla cursus purus.,312,9,7
lorem ac,"non, sollicitudin a, malesuada id, erat. Etiam vestibulum massa rutrum magna. Cras",127,6,2
pede blandit,"ligula. Nullam enim. Sed nulla ante, iaculis nec, eleifend non, dapibus rutrum, justo.",370,8,5
ipsum primis,"dolor dolor, tempus non, lacinia at, iaculis quis, pede. Praesent eu dui. Cum sociis natoque penatibus et magnis dis parturient montes,",106,9,2
"aliquam eu, accumsan","dictum mi, ac mattis velit justo nec ante. Maecenas mi felis, adipiscing fringilla, porttitor vulputate, posuere vulputate, lacus. Cras interdum. Nunc sollicitudin commodo ipsum.",96,2,7
Quisque varius.,"lorem vitae odio sagittis semper. Nam tempor diam dictum sapien. Aenean massa. Integer vitae nibh. Donec est mauris,",26,5,6
elit.,"justo faucibus lectus, a sollicitudin",480,3,3
sagittis.,In at pede. Cras vulputate,311,3,1
Morbi metus.,Suspendisse tristique neque,192,6,1
natoque penatibus et,"feugiat. Lorem ipsum dolor sit amet, consectetuer adipiscing elit. Aliquam auctor, velit eget laoreet posuere, enim nisl",514,5,1
tempor,et ultrices posuere cubilia Curae; Phasellus ornare. Fusce mollis. Duis sit amet diam eu,333,6,5
In faucibus. Morbi,"lacus. Quisque imperdiet, erat nonummy ultricies ornare, elit elit fermentum risus, at fringilla purus mauris a nunc. In at pede. Cras vulputate velit eu sem. Pellentesque ut ipsum ac",321,7,2
"lobortis,","sagittis augue, eu tempor erat neque non quam. Pellentesque habitant morbi tristique senectus et netus et malesuada fames ac turpis egestas. Aliquam fringilla cursus purus. Nullam scelerisque neque",355,5,7
Quisque,"metus facilisis lorem tristique aliquet. Phasellus fermentum convallis ligula. Donec luctus aliquet odio. Etiam ligula tortor, dictum",342,3,5
dapibus gravida. Aliquam,"dui. Cum sociis natoque penatibus et magnis dis parturient montes, nascetur ridiculus mus. Aenean eget magna.",453,7,7
"malesuada ut,","erat. Sed nunc est, mollis non, cursus non, egestas a, dui. Cras pellentesque. Sed dictum. Proin eget",383,9,1
dui. Fusce diam,"fermentum convallis ligula. Donec luctus aliquet odio. Etiam ligula tortor, dictum eu, placerat eget, venenatis a, magna. Lorem",316,3,3
"montes,","nulla. Cras eu tellus eu augue porttitor interdum. Sed auctor odio a purus. Duis elementum, dui quis accumsan convallis, ante lectus convallis est, vitae sodales nisi magna",193,6,7
"mauris, rhoncus id,","non, feugiat nec, diam. Duis mi enim, condimentum eget, volutpat ornare, facilisis eget, ipsum. Donec sollicitudin adipiscing ligula. Aenean gravida",344,5,6
sit amet,"lacinia. Sed congue, elit sed",127,6,4
sem ut,"Integer in magna. Phasellus dolor elit, pellentesque a, facilisis non, bibendum sed, est. Nunc laoreet lectus quis massa. Mauris vestibulum, neque sed dictum eleifend, nunc risus varius orci,",65,4,4
"dui, nec tempus",vestibulum. Mauris magna. Duis dignissim tempor arcu.,475,8,2
Curabitur,"est,",23,10,4
ipsum,"orci, adipiscing non, luctus sit amet, faucibus ut, nulla. Cras eu tellus eu augue porttitor interdum. Sed auctor odio a purus. Duis elementum, dui quis accumsan convallis,",506,4,4
Donec luctus aliquet,"pharetra, felis eget varius",310,4,6
pede blandit,"elit, pretium et, rutrum non, hendrerit id, ante. Nunc mauris sapien,",579,9,3
"sed,","et, commodo at, libero. Morbi accumsan laoreet ipsum. Curabitur consequat, lectus sit amet luctus vulputate, nisi sem semper erat, in consectetuer ipsum nunc id",123,2,2
"ultrices a, auctor",Vivamus sit amet risus. Donec egestas.,540,6,3
Cum,eget odio. Aliquam vulputate ullamcorper magna. Sed eu eros. Nam consequat dolor vitae dolor. Donec fringilla. Donec feugiat metus,469,8,4
lorem fringilla,"iaculis nec,",13,6,5
nisi.,sit amet,268,6,4
pellentesque,turpis nec mauris blandit mattis. Cras eget nisi dictum augue malesuada malesuada.,529,9,3
ultrices,"id risus quis diam luctus lobortis. Class aptent taciti sociosqu ad litora torquent per conubia nostra, per inceptos hymenaeos. Mauris ut quam",511,7,2
et magnis,nec urna suscipit nonummy. Fusce fermentum fermentum arcu. Vestibulum ante ipsum primis in faucibus orci luctus et ultrices posuere cubilia Curae; Phasellus ornare. Fusce mollis. Duis sit,205,6,1
sed pede.,"lacus. Nulla tincidunt, neque vitae semper egestas, urna justo faucibus lectus, a sollicitudin orci sem eget massa. Suspendisse",121,1,3
porttitor,"dolor egestas rhoncus. Proin nisl sem, consequat nec, mollis vitae, posuere at, velit. Cras lorem lorem, luctus ut, pellentesque eget, dictum placerat, augue. Sed molestie. Sed id risus",446,1,1
elit.,"diam luctus lobortis. Class aptent taciti sociosqu ad litora torquent per conubia nostra,",430,8,6
bibendum,quam dignissim,438,6,2
dolor. Nulla,"non, bibendum sed, est. Nunc laoreet lectus quis",271,8,3
"lorem, vehicula et,",Vivamus sit amet risus. Donec,484,4,3
Mauris eu turpis.,"convallis, ante lectus convallis est, vitae sodales nisi magna sed dui. Fusce aliquam, enim nec tempus scelerisque, lorem ipsum sodales purus, in molestie",415,6,7
dictum,"sit amet massa. Quisque porttitor eros nec tellus. Nunc lectus pede, ultrices a,",88,9,4
quis diam luctus,"nostra, per inceptos hymenaeos. Mauris ut quam vel sapien imperdiet ornare. In faucibus. Morbi vehicula. Pellentesque tincidunt tempus risus. Donec egestas. Duis",242,4,4
aliquam,imperdiet dictum,442,3,6
elit,"laoreet, libero et tristique pellentesque, tellus sem mollis dui, in sodales elit erat vitae risus. Duis a mi fringilla mi lacinia mattis. Integer",106,7,7
"a,",mauris. Morbi non sapien molestie,559,4,3
ut,"dis parturient montes, nascetur ridiculus mus. Donec dignissim",537,3,5
Nulla eu,"elit sed consequat auctor, nunc nulla vulputate",536,3,3
urna. Ut,"dui. Suspendisse ac metus vitae velit egestas lacinia. Sed congue, elit sed consequat auctor, nunc nulla vulputate",69,5,1
libero,"sem ut cursus luctus, ipsum leo elementum sem, vitae aliquam eros turpis non enim. Mauris quis turpis vitae purus gravida sagittis.",549,9,2
facilisis,"mollis. Phasellus libero mauris, aliquam eu, accumsan sed, facilisis vitae, orci. Phasellus dapibus quam",316,2,6
leo. Cras vehicula,"neque tellus, imperdiet non, vestibulum nec, euismod in, dolor. Fusce feugiat. Lorem ipsum dolor sit amet, consectetuer adipiscing elit. Aliquam auctor, velit eget laoreet posuere, enim nisl elementum",200,1,2short_description,description,customer_user,case_employee,status
magna,"dapibus id, blandit at, nisi. Cum sociis natoque penatibus et magnis dis parturient montes, nascetur ridiculus mus. Proin vel nisl. Quisque fringilla",148,1,4
magna. Phasellus dolor,"sapien, cursus in, hendrerit consectetuer, cursus et, magna. Praesent interdum ligula eu enim. Etiam imperdiet dictum magna. Ut tincidunt orci quis lectus.",70,8,6
lorem.,"sed dui. Fusce aliquam, enim nec tempus scelerisque, lorem ipsum sodales purus, in",433,7,7
et magnis dis,"amet luctus vulputate, nisi sem semper erat, in consectetuer ipsum nunc id enim. Curabitur massa. Vestibulum",377,6,3
nunc interdum feugiat.,"congue, elit sed consequat auctor, nunc nulla vulputate dui, nec",264,8,1
Nunc sed,"sit amet, risus. Donec nibh",327,9,6
enim mi,non lorem vitae odio sagittis semper. Nam tempor diam dictum sapien. Aenean massa.,133,4,1
gravida,"lorem eu metus. In lorem. Donec elementum,",313,10,5
"ut,","amet, consectetuer adipiscing elit. Aliquam auctor, velit eget laoreet posuere, enim nisl elementum purus, accumsan",271,2,7
"quam,","Donec nibh enim, gravida sit amet, dapibus id, blandit at, nisi. Cum sociis natoque penatibus et magnis dis parturient montes, nascetur ridiculus mus.",338,2,6
blandit mattis. Cras,est arcu ac orci. Ut,26,8,7
risus,ornare egestas ligula. Nullam feugiat placerat velit. Quisque varius. Nam porttitor scelerisque,554,8,1
Proin mi. Aliquam,"pede et risus. Quisque libero lacus, varius et, euismod et, commodo at, libero. Morbi accumsan laoreet ipsum. Curabitur consequat, lectus sit amet luctus vulputate, nisi sem semper erat,",425,4,5
Nam,"eget, ipsum. Donec sollicitudin adipiscing ligula. Aenean gravida",281,3,2
ad,nascetur ridiculus,96,2,5
et netus,arcu. Aliquam ultrices iaculis odio. Nam interdum enim non nisi. Aenean eget,282,2,5
sit amet,"lobortis augue scelerisque mollis. Phasellus libero mauris, aliquam eu, accumsan sed, facilisis vitae, orci. Phasellus dapibus quam quis diam.",329,9,2
gravida,erat nonummy,13,8,5
"Nam ligula elit,","vehicula risus. Nulla eget metus eu erat semper rutrum. Fusce dolor quam, elementum at, egestas a, scelerisque sed, sapien. Nunc pulvinar arcu et pede. Nunc sed orci lobortis augue scelerisque",36,4,3
molestie tortor,mauris erat eget ipsum. Suspendisse sagittis. Nullam vitae diam.,226,2,6
faucibus,"non, lacinia at, iaculis quis, pede. Praesent eu dui. Cum sociis natoque penatibus et magnis dis",408,10,2
purus gravida,"ornare. Fusce mollis. Duis sit amet diam eu dolor egestas rhoncus. Proin nisl sem, consequat nec, mollis vitae, posuere at, velit. Cras lorem lorem, luctus ut, pellentesque",45,7,7
ornare,"justo eu arcu. Morbi sit amet massa. Quisque porttitor eros nec tellus. Nunc lectus pede, ultrices a, auctor non,",486,8,4
et nunc.,diam. Proin dolor. Nulla semper tellus id nunc interdum feugiat.,149,3,1
"nostra,","cursus, diam at pretium aliquet, metus urna convallis erat, eget",58,9,2
velit. Aliquam,at fringilla purus mauris a nunc. In at pede. Cras vulputate velit eu,433,9,1
Mauris ut,"interdum. Sed auctor odio a purus. Duis elementum, dui quis accumsan convallis, ante lectus convallis est, vitae sodales nisi magna sed",561,4,1
aliquet,risus quis diam luctus lobortis. Class aptent taciti sociosqu ad,458,7,3
ac metus vitae,elit. Curabitur sed tortor. Integer aliquam adipiscing lacus. Ut nec,176,7,6
"Fusce mi lorem,",vestibulum massa rutrum magna. Cras convallis convallis dolor. Quisque tincidunt pede ac urna. Ut tincidunt,287,1,7
"dolor sit amet,","leo elementum sem, vitae aliquam eros turpis non enim.",256,1,5
odio. Etiam ligula,"Cras dictum ultricies ligula. Nullam enim. Sed nulla ante, iaculis",315,8,1
adipiscing. Mauris molestie,"Nunc ac sem ut dolor dapibus gravida. Aliquam tincidunt, nunc ac mattis ornare, lectus ante dictum mi, ac mattis velit justo nec ante. Maecenas mi felis,",359,3,6
commodo tincidunt nibh.,convallis convallis dolor. Quisque tincidunt pede ac urna. Ut tincidunt vehicula risus. Nulla eget metus,318,10,3
ac mi,"hendrerit consectetuer, cursus et, magna. Praesent",105,9,3
vulputate mauris,"convallis ligula. Donec luctus aliquet odio. Etiam ligula tortor, dictum eu, placerat eget, venenatis",551,4,2
a neque. Nullam,justo sit amet nulla. Donec non justo. Proin non massa non ante bibendum ullamcorper.,385,1,4
Quisque,"ante. Vivamus non lorem vitae odio sagittis semper. Nam tempor diam dictum sapien. Aenean massa. Integer vitae nibh. Donec est mauris, rhoncus id, mollis nec, cursus a, enim. Suspendisse",404,10,1
"mauris,",urna. Vivamus molestie dapibus ligula. Aliquam erat volutpat. Nulla dignissim. Maecenas ornare egestas ligula. Nullam feugiat placerat velit. Quisque varius.,558,2,4
"erat, in consectetuer","Nulla facilisis. Suspendisse commodo tincidunt nibh. Phasellus nulla. Integer vulputate, risus a ultricies adipiscing, enim mi tempor lorem, eget mollis lectus pede et risus.",453,4,4
interdum,"metus. In lorem. Donec elementum, lorem ut aliquam iaculis, lacus pede sagittis augue, eu",568,10,6
"a,","lorem vitae odio sagittis semper. Nam tempor diam dictum sapien. Aenean massa. Integer vitae nibh. Donec est mauris, rhoncus id, mollis nec, cursus",254,6,7
bibendum ullamcorper. Duis,leo. Cras vehicula aliquet,131,10,5
"sodales at,","Cras dictum ultricies ligula. Nullam enim. Sed nulla ante, iaculis nec, eleifend non, dapibus rutrum, justo. Praesent luctus. Curabitur egestas nunc sed libero.",251,1,7
lorem,"porttitor interdum. Sed auctor odio a purus. Duis elementum, dui quis accumsan convallis, ante",31,9,2
"lorem lorem,",ultricies ligula. Nullam enim.,274,5,4
libero nec ligula,et nunc. Quisque ornare tortor at risus. Nunc ac,170,7,3
"lacus vestibulum lorem,","est, vitae sodales nisi magna sed dui. Fusce aliquam, enim nec tempus scelerisque,",414,10,6
fringilla euismod enim.,"Nullam scelerisque neque sed sem egestas blandit. Nam nulla magna, malesuada vel, convallis in, cursus et, eros. Proin ultrices. Duis volutpat nunc sit amet metus. Aliquam erat volutpat.",298,2,7
mauris sit amet,"tempus scelerisque, lorem ipsum sodales purus, in molestie tortor nibh sit amet orci. Ut sagittis lobortis mauris. Suspendisse aliquet molestie tellus. Aenean egestas hendrerit neque.",331,8,4
lorem eu,"pellentesque eget, dictum placerat, augue. Sed molestie. Sed id risus quis diam luctus lobortis. Class",71,6,6
vitae dolor.,molestie. Sed id risus,332,6,1
lacus. Mauris,vitae dolor. Donec fringilla. Donec feugiat metus sit amet ante. Vivamus non lorem vitae odio sagittis,335,9,5
Proin sed turpis,sed orci lobortis augue scelerisque,254,5,4
Etiam imperdiet dictum,"Mauris blandit enim consequat purus. Maecenas libero est, congue a, aliquet vel, vulputate eu, odio. Phasellus at augue id ante dictum",378,10,4
ante dictum,"pulvinar arcu et pede. Nunc sed orci lobortis augue scelerisque mollis. Phasellus libero mauris, aliquam eu, accumsan sed, facilisis vitae, orci.",102,7,6
"semper et, lacinia",et malesuada fames ac,173,2,4
neque.,at,177,9,5
eu,"Sed auctor odio a purus. Duis elementum, dui quis accumsan convallis, ante lectus convallis est, vitae",340,5,4
fermentum,"vitae nibh. Donec est mauris, rhoncus id, mollis nec, cursus a, enim. Suspendisse aliquet, sem ut cursus luctus, ipsum leo elementum sem, vitae aliquam eros",508,5,7
enim.,gravida nunc sed pede. Cum sociis natoque penatibus et magnis,390,4,4
suscipit,lobortis quam a felis ullamcorper viverra. Maecenas iaculis aliquet diam. Sed,550,4,4
consectetuer euismod est,"semper erat, in consectetuer ipsum nunc id enim.",584,8,1
ullamcorper. Duis,nonummy ipsum non arcu. Vivamus,586,5,1
torquent per conubia,Aliquam rutrum lorem ac risus. Morbi metus. Vivamus,277,5,3
tristique neque,"sodales at, velit. Pellentesque ultricies dignissim lacus. Aliquam rutrum lorem ac risus. Morbi metus. Vivamus euismod urna.",102,3,2
rhoncus. Proin nisl,"nostra, per inceptos hymenaeos. Mauris ut quam vel sapien imperdiet ornare. In faucibus. Morbi vehicula. Pellentesque tincidunt",522,5,3
neque et nunc.,"felis eget varius ultrices, mauris ipsum",300,9,5
"sed, hendrerit",ligula. Nullam feugiat placerat velit. Quisque varius. Nam porttitor,299,7,5
dui,"adipiscing elit. Etiam laoreet, libero et tristique pellentesque, tellus sem mollis dui, in sodales elit erat vitae",407,2,3
molestie pharetra,"felis. Donec tempor, est ac mattis semper, dui lectus rutrum urna, nec luctus felis purus ac tellus.",141,6,6
fermentum convallis,"Morbi sit amet massa. Quisque porttitor eros nec tellus. Nunc lectus pede, ultrices a,",283,5,3
Sed et libero.,"accumsan sed, facilisis vitae, orci. Phasellus dapibus quam quis diam.",418,3,2
"lectus rutrum urna,",varius. Nam porttitor scelerisque neque. Nullam nisl. Maecenas malesuada fringilla est.,151,9,2
nisi,"Proin nisl sem, consequat nec, mollis vitae, posuere",172,7,4
Suspendisse,"augue. Sed molestie. Sed id risus quis diam luctus lobortis. Class aptent taciti sociosqu ad litora torquent per conubia nostra,",548,9,4
lorem fringilla,"tincidunt nibh. Phasellus nulla. Integer vulputate, risus a ultricies adipiscing, enim mi tempor lorem, eget mollis lectus pede et risus.",135,8,7
luctus et ultrices,arcu.,331,6,5
auctor odio a,"mollis vitae, posuere at, velit. Cras lorem lorem, luctus ut, pellentesque eget, dictum placerat, augue. Sed molestie. Sed id",42,10,2
Quisque ac libero,"risus, at fringilla purus mauris a nunc. In at pede. Cras vulputate velit",178,5,3
Nulla,"fringilla, porttitor vulputate, posuere vulputate, lacus. Cras interdum. Nunc sollicitudin commodo ipsum. Suspendisse non leo. Vivamus",466,2,2
nibh.,"imperdiet ullamcorper. Duis at lacus. Quisque purus sapien, gravida non, sollicitudin a, malesuada id,",60,7,2
primis in faucibus,"aliquet lobortis, nisi nibh lacinia orci, consectetuer euismod est arcu ac orci. Ut semper pretium neque. Morbi quis urna. Nunc quis arcu vel quam dignissim pharetra. Nam ac",7,3,4
"lobortis quis,",lectus justo eu arcu. Morbi sit amet massa.,285,2,4
Nullam scelerisque,"ac mattis velit justo nec ante. Maecenas mi felis, adipiscing fringilla,",193,6,3
orci lobortis augue,morbi tristique senectus,34,3,4
Quisque,"neque. Nullam nisl. Maecenas malesuada fringilla est. Mauris eu turpis. Nulla aliquet. Proin velit. Sed malesuada augue ut lacus. Nulla tincidunt,",191,9,1
ornare. Fusce mollis.,"ullamcorper. Duis at lacus. Quisque purus sapien, gravida non, sollicitudin a, malesuada id, erat. Etiam vestibulum",557,8,7
"posuere at,",vitae purus gravida sagittis. Duis gravida. Praesent eu nulla at sem molestie,575,10,3
ullamcorper magna. Sed,nonummy. Fusce fermentum fermentum arcu. Vestibulum ante ipsum primis in faucibus orci luctus et ultrices posuere,114,4,2
"Phasellus dolor elit,","ac sem ut dolor dapibus gravida. Aliquam tincidunt, nunc ac",287,10,6
sit amet orci.,"cursus a, enim. Suspendisse aliquet, sem ut cursus luctus, ipsum",467,10,2
Aenean eget metus.,"sed, facilisis",355,7,6
Sed,"augue ac ipsum. Phasellus vitae mauris sit amet lorem semper auctor. Mauris vel turpis. Aliquam adipiscing lobortis risus. In mi pede, nonummy ut, molestie in, tempus eu, ligula. Aenean",248,7,7
"Duis mi enim,","eu, odio. Phasellus at augue id ante dictum cursus. Nunc mauris elit, dictum eu, eleifend nec, malesuada ut, sem. Nulla interdum. Curabitur dictum. Phasellus in",260,8,5
justo. Praesent,sociis natoque penatibus,3,3,4
iaculis odio. Nam,"metus vitae velit egestas lacinia. Sed congue, elit sed",344,4,7
"quis, pede. Suspendisse","lacus. Quisque purus sapien, gravida non, sollicitudin a, malesuada id, erat. Etiam vestibulum massa rutrum magna. Cras convallis convallis dolor. Quisque tincidunt pede ac urna.",388,10,4
risus,"nunc ac mattis ornare, lectus ante dictum mi, ac mattis velit justo nec ante. Maecenas mi felis,",221,4,4
"lectus convallis est,","vulputate, posuere vulputate, lacus. Cras interdum. Nunc sollicitudin commodo",398,1,5short_description,description,customer_user,case_employee,status
gravida nunc,"magna sed dui. Fusce aliquam, enim nec tempus scelerisque, lorem ipsum sodales purus, in molestie tortor nibh sit amet orci. Ut sagittis lobortis mauris. Suspendisse",158,5,6
sit,Vestibulum accumsan neque et nunc. Quisque ornare tortor at risus. Nunc ac sem ut dolor dapibus,421,1,7
Nam tempor diam,"ligula consectetuer rhoncus. Nullam velit dui, semper",419,8,4
sit amet,"lacus. Ut nec urna et arcu imperdiet ullamcorper. Duis at lacus. Quisque purus sapien, gravida non, sollicitudin a, malesuada id, erat. Etiam vestibulum massa rutrum magna. Cras",87,9,6
velit eu sem.,"lorem ut aliquam iaculis, lacus pede sagittis augue, eu tempor erat neque non quam. Pellentesque habitant morbi tristique senectus et netus et malesuada fames ac turpis egestas. Aliquam fringilla",576,9,2
magnis dis,"neque sed dictum eleifend, nunc risus varius orci, in consequat enim diam vel arcu. Curabitur ut odio vel est tempor",565,5,5
"id, libero. Donec","tempus eu, ligula. Aenean euismod mauris eu elit. Nulla facilisi. Sed neque. Sed eget lacus. Mauris non dui nec urna suscipit nonummy. Fusce fermentum fermentum arcu. Vestibulum ante",250,9,6
at sem molestie,"et, euismod et, commodo at, libero. Morbi accumsan laoreet ipsum. Curabitur consequat, lectus sit",434,3,1
dolor dapibus gravida.,Proin,113,7,2
eget metus. In,Phasellus at augue id ante dictum cursus. Nunc,32,9,4
"at, velit.","Etiam bibendum fermentum metus. Aenean sed pede nec ante blandit viverra. Donec tempus, lorem fringilla ornare placerat, orci lacus vestibulum lorem, sit amet ultricies sem magna nec quam.",285,9,6
aliquam eros turpis,"sed orci lobortis augue scelerisque mollis. Phasellus libero mauris, aliquam eu, accumsan sed, facilisis vitae, orci. Phasellus dapibus quam",27,10,3
"Curabitur consequat,",primis in faucibus orci luctus et ultrices,204,10,2
dui. Suspendisse,"amet ultricies sem magna nec quam. Curabitur vel lectus. Cum sociis natoque penatibus et magnis dis parturient montes, nascetur ridiculus mus. Donec dignissim magna a tortor. Nunc",482,4,3
"posuere vulputate, lacus.","cursus et, magna. Praesent interdum ligula eu enim. Etiam imperdiet dictum magna. Ut tincidunt orci quis lectus. Nullam suscipit,",433,4,7
porttitor interdum. Sed,quam vel sapien imperdiet ornare.,413,7,6
Nulla facilisi.,"arcu. Vestibulum ut eros non enim commodo hendrerit. Donec porttitor tellus non magna. Nam ligula elit, pretium et, rutrum",17,6,2
"lobortis, nisi",libero. Proin sed turpis nec mauris blandit mattis. Cras eget nisi dictum augue malesuada malesuada. Integer id magna et ipsum cursus vestibulum. Mauris magna. Duis dignissim,239,10,5
tellus faucibus,sem eget massa.,39,9,7
augue ut,"dui, semper et, lacinia vitae, sodales at, velit.",285,3,7
sodales.,"Nunc mauris elit, dictum eu, eleifend nec, malesuada ut, sem. Nulla interdum. Curabitur dictum. Phasellus in",201,3,6
ut ipsum,malesuada fames ac turpis egestas. Aliquam fringilla cursus purus.,595,1,5
Mauris quis turpis,"non, lacinia at, iaculis quis, pede. Praesent eu dui. Cum sociis natoque penatibus et magnis dis parturient montes, nascetur ridiculus mus. Aenean eget magna. Suspendisse tristique neque",128,3,3
faucibus orci,eu odio tristique pharetra.,272,4,2
nec,"Nunc mauris. Morbi non sapien molestie orci tincidunt adipiscing. Mauris molestie pharetra nibh. Aliquam ornare, libero at auctor ullamcorper, nisl",144,7,3
erat,"Integer in magna. Phasellus dolor elit, pellentesque a, facilisis non,",566,1,6
ridiculus,"neque. In ornare sagittis felis. Donec tempor, est ac mattis semper, dui lectus rutrum urna, nec luctus felis purus",113,4,7
Cras sed,"posuere vulputate, lacus. Cras interdum. Nunc sollicitudin commodo ipsum. Suspendisse non leo. Vivamus nibh dolor, nonummy ac, feugiat non, lobortis quis, pede. Suspendisse dui. Fusce diam nunc, ullamcorper",375,6,3
diam eu dolor,"Mauris molestie pharetra nibh. Aliquam ornare, libero at auctor ullamcorper, nisl arcu iaculis enim, sit amet ornare lectus justo eu arcu. Morbi sit amet massa. Quisque",51,7,3
Proin eget,"tellus. Phasellus elit pede, malesuada vel, venenatis vel, faucibus id, libero. Donec consectetuer mauris id sapien. Cras dolor dolor, tempus non, lacinia at, iaculis",136,2,1
ridiculus,"cursus purus. Nullam scelerisque neque sed sem egestas blandit. Nam nulla magna, malesuada vel, convallis in, cursus et, eros.",53,7,6
lorem,"turpis. Aliquam adipiscing lobortis risus. In mi pede, nonummy ut, molestie in, tempus eu, ligula. Aenean euismod mauris eu elit. Nulla facilisi. Sed",131,8,2
sem egestas,"nunc, ullamcorper eu, euismod",279,10,6
libero. Proin mi.,"Praesent eu nulla at sem molestie sodales. Mauris blandit enim consequat purus. Maecenas libero est, congue a, aliquet vel, vulputate eu, odio. Phasellus at augue id ante dictum cursus. Nunc",172,5,1
Cras vulputate,"ut eros non enim commodo hendrerit. Donec porttitor tellus non magna. Nam ligula elit, pretium",432,8,5
nisi,pede,91,10,7
et,"mi. Aliquam gravida mauris ut mi. Duis risus odio, auctor vitae, aliquet nec, imperdiet nec, leo. Morbi neque tellus, imperdiet",402,10,5
at,"mi. Aliquam gravida mauris ut mi. Duis risus odio, auctor vitae, aliquet nec, imperdiet nec, leo. Morbi neque tellus, imperdiet non, vestibulum nec, euismod in, dolor.",513,3,4
mauris,"Fusce dolor quam, elementum at, egestas a, scelerisque sed, sapien. Nunc pulvinar arcu et pede. Nunc sed orci lobortis augue scelerisque mollis.",24,1,1
"nunc est, mollis","ornare sagittis felis. Donec tempor, est ac mattis semper, dui",503,4,6
Donec fringilla.,"Nulla eu neque pellentesque massa lobortis ultrices. Vivamus rhoncus. Donec est. Nunc ullamcorper, velit in",101,5,4
pede blandit congue.,amet risus. Donec egestas. Aliquam nec enim. Nunc,40,5,2
ornare lectus justo,"aliquam eu, accumsan sed, facilisis vitae, orci. Phasellus dapibus quam quis diam. Pellentesque habitant morbi tristique senectus",285,1,5
"egestas a, scelerisque",Sed eu eros. Nam consequat dolor vitae dolor. Donec fringilla. Donec feugiat,158,7,7
Phasellus,"lacus, varius et, euismod et, commodo at, libero. Morbi accumsan laoreet ipsum. Curabitur consequat, lectus sit amet",388,5,5
"ornare, libero at",luctus et ultrices posuere cubilia Curae; Phasellus ornare. Fusce mollis. Duis sit amet diam eu dolor egestas rhoncus.,4,2,4
Aenean eget,"mauris a nunc. In at pede. Cras vulputate velit eu sem. Pellentesque ut ipsum ac mi eleifend egestas. Sed pharetra, felis",91,10,3
leo,"dolor quam, elementum at, egestas a, scelerisque sed, sapien. Nunc pulvinar arcu et pede. Nunc sed orci lobortis augue scelerisque mollis. Phasellus",110,6,1
Phasellus at augue,"est ac mattis semper, dui lectus rutrum urna, nec luctus felis purus ac tellus. Suspendisse sed",525,8,7
Etiam vestibulum,"accumsan convallis, ante lectus convallis est, vitae sodales nisi magna sed dui. Fusce aliquam, enim nec",508,7,7
in felis.,"laoreet, libero et tristique pellentesque, tellus sem mollis dui, in sodales elit erat vitae risus. Duis a mi fringilla mi lacinia mattis. Integer eu lacus. Quisque imperdiet, erat nonummy",82,10,1
consectetuer euismod,"ac, fermentum vel, mauris. Integer sem elit, pharetra ut, pharetra sed, hendrerit a, arcu. Sed et libero. Proin mi. Aliquam gravida mauris ut mi. Duis risus odio,",120,5,7
"et, euismod et,",eu erat semper rutrum. Fusce,390,2,3
inceptos,vel,422,4,5
congue,"id nunc interdum feugiat. Sed nec metus facilisis lorem tristique aliquet. Phasellus fermentum convallis ligula. Donec luctus aliquet odio. Etiam ligula tortor, dictum eu, placerat eget, venenatis a, magna.",567,4,5
sem ut dolor,"accumsan convallis, ante lectus convallis est, vitae sodales nisi magna sed dui. Fusce aliquam, enim nec tempus scelerisque,",391,10,3
aliquet diam.,"rhoncus. Nullam velit dui, semper",470,7,6
quam a felis,"hendrerit consectetuer, cursus et, magna. Praesent interdum ligula eu enim. Etiam imperdiet",598,7,5
sit amet ultricies,"Nulla tincidunt, neque",330,4,5
orci lacus,"velit egestas lacinia. Sed congue, elit sed consequat auctor,",312,6,5
in,"a, magna. Lorem ipsum dolor sit amet, consectetuer adipiscing elit. Etiam laoreet, libero et tristique pellentesque, tellus sem mollis dui, in sodales elit erat vitae risus. Duis",37,4,4
vitae aliquam,"hendrerit a, arcu. Sed et libero. Proin",44,4,2
Aliquam nisl. Nulla,"elit sed consequat auctor, nunc nulla vulputate dui, nec tempus mauris erat eget ipsum. Suspendisse sagittis. Nullam vitae diam. Proin dolor. Nulla semper tellus",450,2,4
orci luctus,"sem ut dolor dapibus gravida. Aliquam tincidunt, nunc ac mattis ornare, lectus ante dictum",53,6,1
mauris,Phasellus ornare. Fusce mollis.,168,2,7
arcu. Nunc,"tellus. Aenean egestas hendrerit neque. In ornare sagittis felis. Donec tempor, est ac mattis semper,",255,3,4
nisi. Cum sociis,ornare. In faucibus. Morbi vehicula. Pellentesque tincidunt tempus risus. Donec egestas. Duis ac,142,6,4
velit. Pellentesque,"a,",448,6,6
Phasellus dolor,"Morbi accumsan laoreet ipsum. Curabitur consequat, lectus sit amet luctus vulputate, nisi sem semper erat,",542,9,1
eget,"tincidunt. Donec vitae erat vel pede blandit congue. In scelerisque scelerisque dui. Suspendisse ac metus vitae velit egestas lacinia. Sed congue, elit sed consequat auctor, nunc nulla",202,7,3
felis,et malesuada fames ac turpis egestas. Fusce aliquet magna a neque. Nullam ut nisi a odio semper,2,6,1
augue ac ipsum.,"nunc est, mollis non, cursus non, egestas a, dui. Cras pellentesque. Sed dictum. Proin",463,5,1
Aliquam nisl.,ornare tortor at risus. Nunc ac sem ut,3,10,4
aliquet odio. Etiam,"purus, in molestie tortor nibh sit amet orci. Ut sagittis lobortis mauris. Suspendisse aliquet molestie tellus. Aenean egestas hendrerit neque. In ornare sagittis felis. Donec tempor, est ac",459,1,4
risus. Donec,aliquam eros turpis non enim. Mauris quis turpis vitae purus gravida sagittis. Duis gravida. Praesent eu nulla at sem,104,1,5
sem,"lobortis risus. In mi pede, nonummy ut, molestie in, tempus eu, ligula. Aenean euismod mauris eu elit. Nulla facilisi. Sed neque. Sed eget lacus.",8,6,7
"pharetra, felis",Proin sed turpis nec mauris blandit mattis. Cras eget nisi dictum augue malesuada malesuada. Integer id magna et ipsum,531,10,5
leo. Cras,"Lorem ipsum dolor sit amet, consectetuer adipiscing elit. Etiam laoreet, libero et tristique pellentesque, tellus sem mollis dui, in sodales elit erat vitae risus.",359,10,3
"Duis mi enim,","Aliquam tincidunt, nunc ac mattis ornare,",448,5,1
In nec,"Duis mi enim, condimentum eget, volutpat ornare, facilisis eget, ipsum. Donec sollicitudin adipiscing ligula. Aenean gravida nunc sed pede. Cum sociis natoque penatibus et magnis dis parturient",378,8,5
ultricies,"lobortis ultrices. Vivamus rhoncus. Donec est. Nunc ullamcorper, velit in aliquet lobortis, nisi nibh lacinia orci, consectetuer euismod est arcu ac orci. Ut semper pretium neque.",527,8,4
aliquet. Phasellus,enim. Etiam imperdiet dictum magna. Ut tincidunt orci quis lectus.,215,8,7
lacus. Quisque purus,turpis egestas. Fusce aliquet magna,503,6,2
mauris. Integer,"vel est tempor bibendum. Donec felis orci, adipiscing non, luctus sit",111,2,5
"ipsum porta elit,",lectus,330,8,2
Donec consectetuer,"molestie in,",349,4,3
mi,"ante lectus convallis est, vitae sodales nisi magna sed dui. Fusce aliquam, enim nec tempus scelerisque, lorem ipsum sodales purus, in molestie",14,2,7
nunc ac,Quisque porttitor eros,307,1,2
"gravida non, sollicitudin","Sed pharetra, felis eget varius ultrices, mauris ipsum porta elit, a feugiat tellus lorem eu metus. In lorem. Donec elementum, lorem ut",258,10,6
Maecenas,"pede et risus. Quisque libero lacus, varius et, euismod",461,6,4
Vivamus,egestas ligula. Nullam feugiat placerat velit. Quisque varius. Nam,498,8,3
"tincidunt, neque vitae","egestas, urna justo faucibus lectus, a sollicitudin orci sem eget massa. Suspendisse eleifend. Cras sed leo. Cras vehicula aliquet libero. Integer in",349,7,3
"egestas,","parturient montes, nascetur ridiculus mus. Proin vel arcu eu odio tristique pharetra. Quisque ac libero nec ligula consectetuer rhoncus. Nullam velit dui, semper et,",339,6,5
"a, auctor","cursus luctus, ipsum leo elementum sem, vitae aliquam eros turpis non enim. Mauris quis turpis vitae purus gravida sagittis.",451,9,2
quam,"a, aliquet vel, vulputate eu, odio. Phasellus at augue id ante dictum cursus. Nunc mauris elit, dictum",600,8,6
Vivamus,"vel arcu eu odio tristique pharetra. Quisque ac libero nec ligula consectetuer rhoncus. Nullam velit dui, semper et, lacinia vitae,",342,2,4
feugiat,"laoreet lectus quis massa. Mauris vestibulum, neque sed dictum eleifend, nunc risus varius orci, in consequat enim diam vel arcu. Curabitur",241,1,1
molestie. Sed id,"nonummy ac, feugiat non, lobortis quis, pede. Suspendisse dui. Fusce diam nunc, ullamcorper eu, euismod ac, fermentum",3,9,6
Mauris eu,"fringilla, porttitor vulputate,",426,1,6
ornare. In faucibus.,libero,227,8,7short_description,description,customer_user,case_employee,status
adipiscing lacus.,velit eget,252,5,5
"cursus in,","placerat eget, venenatis a, magna. Lorem ipsum dolor sit amet, consectetuer adipiscing elit. Etiam laoreet, libero et tristique pellentesque, tellus sem mollis",77,6,7
Phasellus,"enim. Mauris quis turpis vitae purus gravida sagittis. Duis gravida. Praesent eu nulla at sem molestie sodales. Mauris blandit enim consequat purus. Maecenas libero est, congue a, aliquet vel,",350,3,5
egestas. Aliquam fringilla,fermentum arcu. Vestibulum ante ipsum primis in faucibus orci luctus et ultrices posuere cubilia Curae; Phasellus ornare. Fusce mollis. Duis sit amet diam eu dolor egestas rhoncus. Proin,57,5,6
Mauris molestie,Proin non massa non ante bibendum ullamcorper.,79,4,7
neque non,dolor. Donec fringilla. Donec feugiat metus sit amet ante. Vivamus non lorem vitae odio sagittis semper. Nam tempor diam dictum,381,1,7
est. Nunc,odio. Nam interdum enim non nisi. Aenean eget metus. In nec orci. Donec nibh. Quisque nonummy ipsum non arcu. Vivamus sit amet risus. Donec egestas. Aliquam nec,43,1,6
Proin,"elit sed consequat auctor, nunc nulla vulputate dui, nec tempus mauris erat eget ipsum.",242,8,6
"nibh enim,","a purus. Duis elementum, dui quis accumsan convallis, ante lectus convallis est, vitae sodales nisi magna sed dui. Fusce aliquam, enim nec",303,10,6
"non, dapibus rutrum,","pharetra sed, hendrerit a, arcu. Sed et",572,9,6
felis ullamcorper,lorem ac risus. Morbi metus. Vivamus euismod urna. Nullam lobortis quam a felis ullamcorper viverra. Maecenas iaculis aliquet diam.,180,7,4
"blandit at,","lectus sit amet luctus vulputate, nisi sem semper erat, in",546,1,7
"ut, pharetra","eu, odio. Phasellus at augue id ante dictum cursus. Nunc mauris elit, dictum eu, eleifend nec, malesuada ut, sem.",239,3,3
nibh sit,"a, scelerisque sed, sapien. Nunc pulvinar arcu et pede. Nunc sed orci lobortis augue scelerisque mollis. Phasellus libero mauris, aliquam eu, accumsan sed, facilisis",58,8,7
dolor,Nulla eget metus eu,141,9,2
dictum,quam dignissim pharetra. Nam ac nulla. In tincidunt congue turpis. In,558,10,7
sapien,quam quis diam. Pellentesque habitant morbi tristique senectus,450,7,3
et,In tincidunt congue turpis. In condimentum. Donec at arcu. Vestibulum ante ipsum primis in faucibus orci luctus et,443,5,4
lacus. Quisque,Aenean euismod mauris eu,567,6,6
lacus.,"mus. Aenean eget magna. Suspendisse tristique neque venenatis lacus. Etiam bibendum fermentum metus. Aenean sed pede nec ante blandit viverra. Donec tempus, lorem",210,7,1
magnis dis parturient,fermentum metus. Aenean sed,426,6,2
"non, luctus","lectus quis massa. Mauris vestibulum, neque sed dictum eleifend, nunc risus varius orci, in consequat",149,1,3
ipsum. Suspendisse,Curae; Donec tincidunt. Donec vitae erat vel pede blandit congue. In scelerisque scelerisque dui. Suspendisse ac metus vitae velit egestas lacinia.,41,7,7
gravida sagittis.,"facilisis vitae, orci. Phasellus dapibus quam quis diam. Pellentesque habitant morbi tristique senectus et netus et malesuada fames ac turpis egestas. Fusce aliquet",380,3,5
magnis dis,at lacus. Quisque purus,254,8,6
quam. Curabitur vel,est. Mauris eu turpis. Nulla aliquet.,123,8,2
dui. Cras,"ligula tortor, dictum eu, placerat eget, venenatis a, magna. Lorem ipsum dolor sit",161,9,2
ligula. Donec luctus,eget massa. Suspendisse eleifend. Cras sed leo. Cras vehicula aliquet libero. Integer in magna. Phasellus,212,4,5
iaculis odio. Nam,sem molestie sodales. Mauris blandit enim consequat purus. Maecenas,464,2,4
"eu, placerat",facilisi. Sed neque. Sed eget lacus. Mauris non dui nec urna suscipit nonummy. Fusce fermentum fermentum arcu. Vestibulum ante ipsum primis in faucibus orci luctus et,537,9,1
ipsum dolor sit,ipsum. Phasellus vitae mauris sit,495,7,2
"aliquet vel,","dui, semper et, lacinia vitae, sodales",172,6,3
dis parturient,"ligula elit, pretium et, rutrum non, hendrerit id, ante. Nunc mauris sapien, cursus in, hendrerit consectetuer, cursus et, magna. Praesent interdum ligula eu",180,9,5
facilisis,vel arcu.,108,10,2
In faucibus.,ornare tortor at risus.,393,4,5
purus,urna. Nunc quis arcu vel quam dignissim pharetra. Nam ac nulla. In tincidunt congue turpis. In condimentum. Donec at arcu. Vestibulum ante ipsum primis in faucibus orci,576,1,6
"Sed congue, elit","bibendum ullamcorper. Duis cursus, diam at",222,8,6
Sed neque.,"pretium aliquet, metus urna convallis erat, eget tincidunt dui augue eu tellus. Phasellus elit pede, malesuada vel, venenatis vel, faucibus id, libero.",135,10,4
enim,"consequat purus. Maecenas libero est, congue a, aliquet vel, vulputate eu, odio. Phasellus at augue",473,10,1
Mauris,euismod est arcu ac orci. Ut semper pretium neque. Morbi quis urna. Nunc quis arcu vel quam dignissim pharetra. Nam ac nulla. In tincidunt congue turpis. In condimentum. Donec at,114,6,3
eleifend,nec mauris blandit mattis. Cras eget nisi dictum augue malesuada malesuada. Integer,555,5,5
Maecenas libero,"aptent taciti sociosqu ad litora torquent per conubia nostra, per",279,7,2
"non,","dignissim tempor arcu. Vestibulum ut eros non enim commodo hendrerit. Donec porttitor tellus non magna. Nam ligula elit, pretium et, rutrum",17,1,3
quam. Curabitur,"facilisis vitae, orci. Phasellus dapibus quam quis diam. Pellentesque habitant morbi tristique senectus et netus et malesuada fames ac turpis egestas. Fusce aliquet magna",440,2,4
tincidunt vehicula risus.,"commodo at, libero. Morbi accumsan laoreet ipsum. Curabitur consequat, lectus sit amet luctus vulputate, nisi sem semper",135,2,5
Proin,mauris erat eget ipsum. Suspendisse sagittis. Nullam vitae diam. Proin dolor. Nulla semper tellus,558,6,3
libero.,"dolor quam, elementum at, egestas a, scelerisque sed, sapien. Nunc pulvinar arcu et pede. Nunc sed orci lobortis augue scelerisque mollis.",196,9,3
Nunc pulvinar,"pede. Suspendisse dui. Fusce diam nunc, ullamcorper eu, euismod ac, fermentum vel, mauris. Integer sem",91,1,3
Quisque porttitor eros,Mauris,585,3,7
sit,libero. Donec,525,7,7
fermentum,"nibh lacinia orci, consectetuer euismod est arcu ac orci.",82,3,4
imperdiet ullamcorper. Duis,"orci sem eget massa. Suspendisse eleifend. Cras sed leo. Cras vehicula aliquet libero. Integer in magna. Phasellus dolor elit, pellentesque a,",74,10,1
pede. Cum sociis,"ullamcorper, velit in aliquet lobortis, nisi nibh lacinia",247,7,6
morbi tristique,massa. Suspendisse eleifend. Cras sed leo. Cras vehicula aliquet libero. Integer,142,3,5
ornare. Fusce,In scelerisque scelerisque,212,3,3
Nullam feugiat,elit. Curabitur sed tortor. Integer aliquam adipiscing lacus. Ut nec urna et arcu imperdiet ullamcorper. Duis,177,6,6
massa rutrum magna.,"semper. Nam tempor diam dictum sapien. Aenean massa. Integer vitae nibh. Donec est mauris, rhoncus",459,1,1
per inceptos hymenaeos.,"et, eros. Proin",313,1,1
nunc sed pede.,"auctor quis, tristique ac, eleifend vitae, erat. Vivamus nisi.",243,3,7
"scelerisque, lorem","faucibus. Morbi vehicula. Pellentesque tincidunt tempus risus. Donec egestas. Duis ac arcu. Nunc mauris. Morbi non sapien molestie orci tincidunt adipiscing. Mauris molestie pharetra nibh. Aliquam ornare, libero at",497,5,6
"hendrerit a, arcu.","ut, molestie in,",235,7,7
egestas. Aliquam,"molestie pharetra nibh. Aliquam ornare, libero at auctor ullamcorper, nisl arcu iaculis enim, sit amet ornare lectus justo eu arcu. Morbi sit amet massa.",548,10,3
lectus justo,"pharetra, felis eget varius ultrices, mauris ipsum porta elit, a feugiat tellus lorem eu metus. In lorem. Donec elementum, lorem ut aliquam iaculis, lacus pede sagittis augue, eu tempor",208,6,1
quam.,"Nullam enim. Sed nulla ante, iaculis nec,",503,1,1
Cras vehicula,metus. Vivamus euismod urna.,540,7,3
nulla.,"lectus justo eu arcu. Morbi sit amet massa. Quisque porttitor eros nec tellus. Nunc lectus pede, ultrices a,",462,5,6
"Nunc mauris sapien,","pellentesque, tellus sem mollis dui, in sodales elit erat vitae",131,2,2
"vulputate, lacus. Cras","vulputate,",157,7,6
eget laoreet,"lorem eu metus. In lorem. Donec elementum, lorem ut aliquam iaculis, lacus pede sagittis augue,",583,6,6
"lorem. Donec elementum,","ac mattis ornare, lectus ante dictum mi, ac mattis velit justo nec ante. Maecenas mi felis, adipiscing",594,3,5
"ut, molestie",egestas. Fusce aliquet magna a neque. Nullam ut nisi a odio semper cursus. Integer mollis. Integer tincidunt aliquam arcu. Aliquam ultrices iaculis odio. Nam interdum,453,7,7
ipsum,"vel, venenatis vel, faucibus id, libero. Donec consectetuer mauris id sapien. Cras dolor dolor, tempus non, lacinia at, iaculis quis, pede. Praesent eu dui. Cum sociis natoque penatibus et magnis",125,3,3
eget,"nec quam. Curabitur vel lectus. Cum sociis natoque penatibus et magnis dis parturient montes, nascetur ridiculus mus. Donec",110,10,4
"Mauris vestibulum, neque",vel nisl. Quisque fringilla euismod enim. Etiam gravida molestie arcu. Sed eu nibh vulputate mauris sagittis placerat. Cras dictum ultricies ligula.,116,4,6
semper,in,181,8,1
congue,"id ante dictum cursus. Nunc mauris elit, dictum eu, eleifend nec, malesuada ut, sem. Nulla",88,10,4
torquent per conubia,Phasellus ornare. Fusce,416,6,5
"mi pede, nonummy",eu dui. Cum,506,10,3
pede,"a, facilisis non, bibendum sed, est. Nunc laoreet lectus quis massa. Mauris vestibulum, neque sed dictum eleifend, nunc risus varius orci, in consequat enim diam vel arcu.",247,7,1
risus. Nunc,Aliquam erat volutpat. Nulla dignissim. Maecenas ornare egestas ligula. Nullam feugiat placerat velit. Quisque,535,10,6
In at pede.,"purus, in molestie tortor nibh sit amet orci. Ut sagittis lobortis mauris. Suspendisse aliquet molestie tellus. Aenean egestas",191,1,1
pellentesque,"Suspendisse aliquet, sem ut cursus luctus, ipsum leo elementum sem, vitae aliquam eros turpis non enim. Mauris quis turpis vitae",79,8,7
nec mauris,"dictum mi, ac mattis velit justo nec ante. Maecenas mi felis, adipiscing fringilla, porttitor vulputate, posuere vulputate, lacus. Cras interdum.",138,1,5
ipsum nunc id,a tortor. Nunc commodo auctor velit. Aliquam nisl. Nulla eu neque pellentesque,235,7,5
purus.,"a,",270,8,5
in consequat enim,Nullam velit,461,9,1
amet ultricies,ac turpis egestas. Aliquam fringilla cursus purus. Nullam scelerisque neque sed sem egestas blandit. Nam nulla,78,6,6
dui,tempor diam dictum sapien. Aenean massa. Integer vitae nibh. Donec est,22,9,7
risus. Morbi metus.,"rutrum eu, ultrices sit amet,",24,7,7
turpis non enim.,"vel, faucibus id, libero. Donec consectetuer mauris id sapien. Cras dolor dolor, tempus non, lacinia at, iaculis quis, pede. Praesent eu dui. Cum sociis",422,10,5
arcu. Aliquam ultrices,"lacus. Quisque imperdiet, erat nonummy ultricies ornare, elit elit fermentum risus, at fringilla purus mauris a nunc. In at pede. Cras vulputate velit eu sem.",65,5,2
lacus. Quisque,"Donec nibh enim, gravida sit amet, dapibus id, blandit at, nisi. Cum sociis natoque penatibus et magnis dis parturient",271,1,5
erat,"mollis vitae, posuere at, velit. Cras lorem lorem, luctus ut, pellentesque eget, dictum placerat, augue. Sed molestie. Sed id risus quis diam luctus lobortis.",318,8,1
dolor. Fusce,amet orci. Ut sagittis lobortis mauris. Suspendisse aliquet molestie tellus. Aenean egestas hendrerit neque. In ornare sagittis,69,8,7
metus,"Integer vitae nibh. Donec est mauris, rhoncus id, mollis nec, cursus a, enim. Suspendisse aliquet, sem ut cursus luctus,",477,7,1
"elementum, lorem","euismod ac, fermentum",131,5,5
Vestibulum,"sem ut dolor dapibus gravida. Aliquam tincidunt, nunc ac mattis ornare, lectus ante dictum mi, ac mattis velit justo nec ante. Maecenas mi felis, adipiscing fringilla,",311,9,1
ac urna. Ut,"a, malesuada id, erat. Etiam vestibulum massa rutrum magna. Cras convallis convallis dolor. Quisque tincidunt pede ac urna. Ut tincidunt vehicula risus. Nulla eget metus eu",55,7,2
lectus pede,augue ac ipsum. Phasellus vitae mauris sit amet lorem semper auctor. Mauris vel turpis. Aliquam adipiscing lobortis risus. In,256,1,4
aliquam arcu. Aliquam,nascetur ridiculus mus. Proin vel arcu eu odio tristique pharetra. Quisque ac libero nec ligula consectetuer rhoncus. Nullam velit,557,5,6